"subject.code","answer","context","condition","badness"
"R_0TbvEJOOdRE8Po5",-11,"No 1","no","original"
"R_10NQO6ofuvssLna",22,"No 1","no","original"
"R_125YC954CGborqS",10,"No 1","no","original"
"R_1FKepxOiPxYVQHz",50,"No 1","no","original"
"R_1igi8iqWfkvrcc1",40,"No 1","no","original"
"R_1jwjzf7E6IsgZqq",-20,"No 1","no","original"
"R_1jwUh0dtFWDuT4x",30,"No 1","no","original"
"R_1mL9sBksGn4Chrc",-20,"No 1","no","original"
"R_1ooRxXWrJBeti3l",12,"No 1","no","original"
"R_1pmV7CCbwnNL4bs",20,"No 1","no","original"
"R_1qg5zxG4OHT34gX",9,"No 1","no","original"
"R_1rwYAjoube9ImlK",-16,"No 1","no","original"
"R_22DGikbZewcoEkH",30,"No 1","no","original"
"R_22R1B5mN0RA0RMU",26,"No 1","no","original"
"R_2aQ6gax5O03RSIv",42,"No 1","no","original"
"R_2dlINIzP1v3FX0g",-20,"No 1","no","original"
"R_2ebd9LcKLlwFO5v",-20,"No 1","no","original"
"R_2h5GlipyzZ47VLj",11,"No 1","no","original"
"R_2QrLW0BHAjWVg7Q",50,"No 1","no","original"
"R_2rAt1AD0sqk7yPG",9,"No 1","no","original"
"R_2rkgUKYk3bYGIoF",40,"No 1","no","original"
"R_2uCFCg6xVDEY02q",14,"No 1","no","original"
"R_2XizCOMyNrGa7Az",-19,"No 1","no","original"
"R_31zuDrqUATmHgFI",12,"No 1","no","original"
"R_32KqOo2AEj0tVdX",-13,"No 1","no","original"
"R_3D77jkyASlRGTqD",8,"No 1","no","original"
"R_3dDE8OS7jARHVcT",45,"No 1","no","original"
"R_3G3S0l7VxciaIWg",6,"No 1","no","original"
"R_3iI892aKIzlTCm3",36,"No 1","no","original"
"R_3KW9H9FC1ifo1YV",25,"No 1","no","original"
"R_3MRne9JybULuGPX",10,"No 1","no","original"
"R_a90wt16hQIHhsRj",30,"No 1","no","original"
"R_Aaiu7NwZQoFdazT",30,"No 1","no","original"
"R_AhSldTz7xNWz7SF",5,"No 1","no","original"
"R_ANeTIXcBIwyfggV",15,"No 1","no","original"
"R_BDEiiuol7PCm5od",7,"No 1","no","original"
"R_PwfHbOWesn6tR0l",40,"No 1","no","original"
"R_sChbmfdhKx3fYFb",27,"No 1","no","original"
"R_SIBMbeTFd37lOY9",50,"No 1","no","original"
"R_XLNB6At9fKflzG1",50,"No 1","no","original"
"R_z6C8dk0TuG2cq2t",20,"No 1","no","original"
"R_0TbvEJOOdRE8Po5",3,"No 2","no","original"
"R_10NQO6ofuvssLna",36,"No 2","no","original"
"R_125YC954CGborqS",-40,"No 2","no","original"
"R_1FKepxOiPxYVQHz",50,"No 2","no","original"
"R_1igi8iqWfkvrcc1",0,"No 2","no","original"
"R_1jwjzf7E6IsgZqq",-36,"No 2","no","original"
"R_1jwUh0dtFWDuT4x",-25,"No 2","no","original"
"R_1mL9sBksGn4Chrc",-45,"No 2","no","original"
"R_1ooRxXWrJBeti3l",12,"No 2","no","original"
"R_1pmV7CCbwnNL4bs",27,"No 2","no","original"
"R_1qg5zxG4OHT34gX",2,"No 2","no","original"
"R_1rwYAjoube9ImlK",-10,"No 2","no","original"
"R_22DGikbZewcoEkH",48,"No 2","no","original"
"R_22R1B5mN0RA0RMU",26,"No 2","no","original"
"R_2aQ6gax5O03RSIv",47,"No 2","no","original"
"R_2dlINIzP1v3FX0g",5,"No 2","no","original"
"R_2ebd9LcKLlwFO5v",-30,"No 2","no","original"
"R_2h5GlipyzZ47VLj",0,"No 2","no","original"
"R_2QrLW0BHAjWVg7Q",12,"No 2","no","original"
"R_2rAt1AD0sqk7yPG",32,"No 2","no","original"
"R_2rkgUKYk3bYGIoF",25,"No 2","no","original"
"R_2uCFCg6xVDEY02q",21,"No 2","no","original"
"R_2XizCOMyNrGa7Az",15,"No 2","no","original"
"R_31zuDrqUATmHgFI",12,"No 2","no","original"
"R_32KqOo2AEj0tVdX",1,"No 2","no","original"
"R_3D77jkyASlRGTqD",4,"No 2","no","original"
"R_3dDE8OS7jARHVcT",45,"No 2","no","original"
"R_3G3S0l7VxciaIWg",4,"No 2","no","original"
"R_3iI892aKIzlTCm3",-50,"No 2","no","original"
"R_3KW9H9FC1ifo1YV",30,"No 2","no","original"
"R_3MRne9JybULuGPX",15,"No 2","no","original"
"R_a90wt16hQIHhsRj",21,"No 2","no","original"
"R_Aaiu7NwZQoFdazT",15,"No 2","no","original"
"R_AhSldTz7xNWz7SF",5,"No 2","no","original"
"R_ANeTIXcBIwyfggV",15,"No 2","no","original"
"R_BDEiiuol7PCm5od",-23,"No 2","no","original"
"R_PwfHbOWesn6tR0l",50,"No 2","no","original"
"R_sChbmfdhKx3fYFb",32,"No 2","no","original"
"R_SIBMbeTFd37lOY9",27,"No 2","no","original"
"R_XLNB6At9fKflzG1",50,"No 2","no","original"
"R_z6C8dk0TuG2cq2t",15,"No 2","no","original"
"R_0TbvEJOOdRE8Po5",-3,"No 3","no","original"
"R_10NQO6ofuvssLna",43,"No 3","no","original"
"R_125YC954CGborqS",10,"No 3","no","original"
"R_1FKepxOiPxYVQHz",50,"No 3","no","original"
"R_1igi8iqWfkvrcc1",10,"No 3","no","original"
"R_1jwjzf7E6IsgZqq",-26,"No 3","no","original"
"R_1jwUh0dtFWDuT4x",-11,"No 3","no","original"
"R_1mL9sBksGn4Chrc",-30,"No 3","no","original"
"R_1ooRxXWrJBeti3l",12,"No 3","no","original"
"R_1pmV7CCbwnNL4bs",16,"No 3","no","original"
"R_1qg5zxG4OHT34gX",0,"No 3","no","original"
"R_1rwYAjoube9ImlK",-9,"No 3","no","original"
"R_22DGikbZewcoEkH",40,"No 3","no","original"
"R_22R1B5mN0RA0RMU",-5,"No 3","no","original"
"R_2aQ6gax5O03RSIv",32,"No 3","no","original"
"R_2dlINIzP1v3FX0g",33,"No 3","no","original"
"R_2ebd9LcKLlwFO5v",14,"No 3","no","original"
"R_2h5GlipyzZ47VLj",11,"No 3","no","original"
"R_2QrLW0BHAjWVg7Q",11,"No 3","no","original"
"R_2rAt1AD0sqk7yPG",0,"No 3","no","original"
"R_2rkgUKYk3bYGIoF",20,"No 3","no","original"
"R_2uCFCg6xVDEY02q",25,"No 3","no","original"
"R_2XizCOMyNrGa7Az",23,"No 3","no","original"
"R_31zuDrqUATmHgFI",12,"No 3","no","original"
"R_32KqOo2AEj0tVdX",49,"No 3","no","original"
"R_3D77jkyASlRGTqD",10,"No 3","no","original"
"R_3dDE8OS7jARHVcT",46,"No 3","no","original"
"R_3G3S0l7VxciaIWg",6,"No 3","no","original"
"R_3iI892aKIzlTCm3",13,"No 3","no","original"
"R_3KW9H9FC1ifo1YV",12,"No 3","no","original"
"R_3MRne9JybULuGPX",10,"No 3","no","original"
"R_a90wt16hQIHhsRj",30,"No 3","no","original"
"R_Aaiu7NwZQoFdazT",10,"No 3","no","original"
"R_AhSldTz7xNWz7SF",5,"No 3","no","original"
"R_ANeTIXcBIwyfggV",21,"No 3","no","original"
"R_BDEiiuol7PCm5od",21,"No 3","no","original"
"R_PwfHbOWesn6tR0l",50,"No 3","no","original"
"R_sChbmfdhKx3fYFb",31,"No 3","no","original"
"R_SIBMbeTFd37lOY9",-27,"No 3","no","original"
"R_XLNB6At9fKflzG1",50,"No 3","no","original"
"R_z6C8dk0TuG2cq2t",10,"No 3","no","original"
"R_0TbvEJOOdRE8Po5",0,"Yes 1","yes","original"
"R_10NQO6ofuvssLna",0,"Yes 1","yes","original"
"R_125YC954CGborqS",0,"Yes 1","yes","original"
"R_1FKepxOiPxYVQHz",0,"Yes 1","yes","original"
"R_1igi8iqWfkvrcc1",-30,"Yes 1","yes","original"
"R_1jwjzf7E6IsgZqq",-13,"Yes 1","yes","original"
"R_1jwUh0dtFWDuT4x",-36,"Yes 1","yes","original"
"R_1mL9sBksGn4Chrc",-50,"Yes 1","yes","original"
"R_1ooRxXWrJBeti3l",0,"Yes 1","yes","original"
"R_1pmV7CCbwnNL4bs",0,"Yes 1","yes","original"
"R_1qg5zxG4OHT34gX",-1,"Yes 1","yes","original"
"R_1rwYAjoube9ImlK",50,"Yes 1","yes","original"
"R_22DGikbZewcoEkH",-20,"Yes 1","yes","original"
"R_22R1B5mN0RA0RMU",-5,"Yes 1","yes","original"
"R_2aQ6gax5O03RSIv",0,"Yes 1","yes","original"
"R_2dlINIzP1v3FX0g",1,"Yes 1","yes","original"
"R_2ebd9LcKLlwFO5v",24,"Yes 1","yes","original"
"R_2h5GlipyzZ47VLj",-10,"Yes 1","yes","original"
"R_2QrLW0BHAjWVg7Q",0,"Yes 1","yes","original"
"R_2rAt1AD0sqk7yPG",7,"Yes 1","yes","original"
"R_2rkgUKYk3bYGIoF",0,"Yes 1","yes","original"
"R_2uCFCg6xVDEY02q",0,"Yes 1","yes","original"
"R_2XizCOMyNrGa7Az",-29,"Yes 1","yes","original"
"R_31zuDrqUATmHgFI",0,"Yes 1","yes","original"
"R_32KqOo2AEj0tVdX",-50,"Yes 1","yes","original"
"R_3D77jkyASlRGTqD",0,"Yes 1","yes","original"
"R_3dDE8OS7jARHVcT",6,"Yes 1","yes","original"
"R_3G3S0l7VxciaIWg",-3,"Yes 1","yes","original"
"R_3iI892aKIzlTCm3",7,"Yes 1","yes","original"
"R_3KW9H9FC1ifo1YV",0,"Yes 1","yes","original"
"R_3MRne9JybULuGPX",0,"Yes 1","yes","original"
"R_a90wt16hQIHhsRj",0,"Yes 1","yes","original"
"R_Aaiu7NwZQoFdazT",0,"Yes 1","yes","original"
"R_AhSldTz7xNWz7SF",0,"Yes 1","yes","original"
"R_ANeTIXcBIwyfggV",15,"Yes 1","yes","original"
"R_BDEiiuol7PCm5od",0,"Yes 1","yes","original"
"R_PwfHbOWesn6tR0l",0,"Yes 1","yes","original"
"R_sChbmfdhKx3fYFb",-10,"Yes 1","yes","original"
"R_SIBMbeTFd37lOY9",1,"Yes 1","yes","original"
"R_XLNB6At9fKflzG1",0,"Yes 1","yes","original"
"R_z6C8dk0TuG2cq2t",0,"Yes 1","yes","original"
"R_0TbvEJOOdRE8Po5",0,"Yes 2","yes","original"
"R_10NQO6ofuvssLna",11,"Yes 2","yes","original"
"R_125YC954CGborqS",0,"Yes 2","yes","original"
"R_1FKepxOiPxYVQHz",11,"Yes 2","yes","original"
"R_1igi8iqWfkvrcc1",-40,"Yes 2","yes","original"
"R_1jwjzf7E6IsgZqq",34,"Yes 2","yes","original"
"R_1jwUh0dtFWDuT4x",-38,"Yes 2","yes","original"
"R_1mL9sBksGn4Chrc",40,"Yes 2","yes","original"
"R_1ooRxXWrJBeti3l",0,"Yes 2","yes","original"
"R_1pmV7CCbwnNL4bs",0,"Yes 2","yes","original"
"R_1qg5zxG4OHT34gX",3,"Yes 2","yes","original"
"R_1rwYAjoube9ImlK",20,"Yes 2","yes","original"
"R_22DGikbZewcoEkH",-38,"Yes 2","yes","original"
"R_22R1B5mN0RA0RMU",-5,"Yes 2","yes","original"
"R_2aQ6gax5O03RSIv",-20,"Yes 2","yes","original"
"R_2dlINIzP1v3FX0g",-23,"Yes 2","yes","original"
"R_2ebd9LcKLlwFO5v",29,"Yes 2","yes","original"
"R_2h5GlipyzZ47VLj",0,"Yes 2","yes","original"
"R_2QrLW0BHAjWVg7Q",50,"Yes 2","yes","original"
"R_2rAt1AD0sqk7yPG",13,"Yes 2","yes","original"
"R_2rkgUKYk3bYGIoF",0,"Yes 2","yes","original"
"R_2uCFCg6xVDEY02q",0,"Yes 2","yes","original"
"R_2XizCOMyNrGa7Az",-12,"Yes 2","yes","original"
"R_31zuDrqUATmHgFI",0,"Yes 2","yes","original"
"R_32KqOo2AEj0tVdX",-50,"Yes 2","yes","original"
"R_3D77jkyASlRGTqD",0,"Yes 2","yes","original"
"R_3dDE8OS7jARHVcT",-3,"Yes 2","yes","original"
"R_3G3S0l7VxciaIWg",0,"Yes 2","yes","original"
"R_3iI892aKIzlTCm3",4,"Yes 2","yes","original"
"R_3KW9H9FC1ifo1YV",15,"Yes 2","yes","original"
"R_3MRne9JybULuGPX",0,"Yes 2","yes","original"
"R_a90wt16hQIHhsRj",-10,"Yes 2","yes","original"
"R_Aaiu7NwZQoFdazT",0,"Yes 2","yes","original"
"R_AhSldTz7xNWz7SF",0,"Yes 2","yes","original"
"R_ANeTIXcBIwyfggV",19,"Yes 2","yes","original"
"R_BDEiiuol7PCm5od",30,"Yes 2","yes","original"
"R_PwfHbOWesn6tR0l",0,"Yes 2","yes","original"
"R_sChbmfdhKx3fYFb",0,"Yes 2","yes","original"
"R_SIBMbeTFd37lOY9",-50,"Yes 2","yes","original"
"R_XLNB6At9fKflzG1",0,"Yes 2","yes","original"
"R_z6C8dk0TuG2cq2t",0,"Yes 2","yes","original"
"R_0TbvEJOOdRE8Po5",0,"Yes 3","yes","original"
"R_10NQO6ofuvssLna",4,"Yes 3","yes","original"
"R_125YC954CGborqS",-10,"Yes 3","yes","original"
"R_1FKepxOiPxYVQHz",0,"Yes 3","yes","original"
"R_1igi8iqWfkvrcc1",-25,"Yes 3","yes","original"
"R_1jwjzf7E6IsgZqq",30,"Yes 3","yes","original"
"R_1jwUh0dtFWDuT4x",22,"Yes 3","yes","original"
"R_1mL9sBksGn4Chrc",14,"Yes 3","yes","original"
"R_1ooRxXWrJBeti3l",3,"Yes 3","yes","original"
"R_1pmV7CCbwnNL4bs",4,"Yes 3","yes","original"
"R_1qg5zxG4OHT34gX",10,"Yes 3","yes","original"
"R_1rwYAjoube9ImlK",10,"Yes 3","yes","original"
"R_22DGikbZewcoEkH",10,"Yes 3","yes","original"
"R_22R1B5mN0RA0RMU",0,"Yes 3","yes","original"
"R_2aQ6gax5O03RSIv",36,"Yes 3","yes","original"
"R_2dlINIzP1v3FX0g",34,"Yes 3","yes","original"
"R_2ebd9LcKLlwFO5v",-14,"Yes 3","yes","original"
"R_2h5GlipyzZ47VLj",11,"Yes 3","yes","original"
"R_2QrLW0BHAjWVg7Q",50,"Yes 3","yes","original"
"R_2rAt1AD0sqk7yPG",19,"Yes 3","yes","original"
"R_2rkgUKYk3bYGIoF",10,"Yes 3","yes","original"
"R_2uCFCg6xVDEY02q",1,"Yes 3","yes","original"
"R_2XizCOMyNrGa7Az",1,"Yes 3","yes","original"
"R_31zuDrqUATmHgFI",2,"Yes 3","yes","original"
"R_32KqOo2AEj0tVdX",-38,"Yes 3","yes","original"
"R_3D77jkyASlRGTqD",0,"Yes 3","yes","original"
"R_3dDE8OS7jARHVcT",6,"Yes 3","yes","original"
"R_3G3S0l7VxciaIWg",4,"Yes 3","yes","original"
"R_3iI892aKIzlTCm3",-12,"Yes 3","yes","original"
"R_3KW9H9FC1ifo1YV",0,"Yes 3","yes","original"
"R_3MRne9JybULuGPX",5,"Yes 3","yes","original"
"R_a90wt16hQIHhsRj",0,"Yes 3","yes","original"
"R_Aaiu7NwZQoFdazT",5,"Yes 3","yes","original"
"R_AhSldTz7xNWz7SF",1,"Yes 3","yes","original"
"R_ANeTIXcBIwyfggV",25,"Yes 3","yes","original"
"R_BDEiiuol7PCm5od",15,"Yes 3","yes","original"
"R_PwfHbOWesn6tR0l",25,"Yes 3","yes","original"
"R_sChbmfdhKx3fYFb",10,"Yes 3","yes","original"
"R_SIBMbeTFd37lOY9",0,"Yes 3","yes","original"
"R_XLNB6At9fKflzG1",50,"Yes 3","yes","original"
"R_z6C8dk0TuG2cq2t",0,"Yes 3","yes","original"
"R_0TbvEJOOdRE8Po5",-4,"Yes 4","yes","original"
"R_10NQO6ofuvssLna",-38,"Yes 4","yes","original"
"R_125YC954CGborqS",-31,"Yes 4","yes","original"
"R_1FKepxOiPxYVQHz",-50,"Yes 4","yes","original"
"R_1igi8iqWfkvrcc1",-50,"Yes 4","yes","original"
"R_1jwjzf7E6IsgZqq",12,"Yes 4","yes","original"
"R_1jwUh0dtFWDuT4x",0,"Yes 4","yes","original"
"R_1mL9sBksGn4Chrc",-43,"Yes 4","yes","original"
"R_1ooRxXWrJBeti3l",-9,"Yes 4","yes","original"
"R_1pmV7CCbwnNL4bs",11,"Yes 4","yes","original"
"R_1qg5zxG4OHT34gX",15,"Yes 4","yes","original"
"R_1rwYAjoube9ImlK",0,"Yes 4","yes","original"
"R_22DGikbZewcoEkH",-40,"Yes 4","yes","original"
"R_22R1B5mN0RA0RMU",-25,"Yes 4","yes","original"
"R_2aQ6gax5O03RSIv",-35,"Yes 4","yes","original"
"R_2dlINIzP1v3FX0g",-20,"Yes 4","yes","original"
"R_2ebd9LcKLlwFO5v",-28,"Yes 4","yes","original"
"R_2h5GlipyzZ47VLj",-40,"Yes 4","yes","original"
"R_2QrLW0BHAjWVg7Q",-20,"Yes 4","yes","original"
"R_2rAt1AD0sqk7yPG",21,"Yes 4","yes","original"
"R_2rkgUKYk3bYGIoF",-18,"Yes 4","yes","original"
"R_2uCFCg6xVDEY02q",-10,"Yes 4","yes","original"
"R_2XizCOMyNrGa7Az",-34,"Yes 4","yes","original"
"R_31zuDrqUATmHgFI",-10,"Yes 4","yes","original"
"R_32KqOo2AEj0tVdX",-50,"Yes 4","yes","original"
"R_3D77jkyASlRGTqD",-10,"Yes 4","yes","original"
"R_3dDE8OS7jARHVcT",-40,"Yes 4","yes","original"
"R_3G3S0l7VxciaIWg",-5,"Yes 4","yes","original"
"R_3iI892aKIzlTCm3",-10,"Yes 4","yes","original"
"R_3KW9H9FC1ifo1YV",0,"Yes 4","yes","original"
"R_3MRne9JybULuGPX",-10,"Yes 4","yes","original"
"R_a90wt16hQIHhsRj",-30,"Yes 4","yes","original"
"R_Aaiu7NwZQoFdazT",-10,"Yes 4","yes","original"
"R_AhSldTz7xNWz7SF",-6,"Yes 4","yes","original"
"R_ANeTIXcBIwyfggV",20,"Yes 4","yes","original"
"R_BDEiiuol7PCm5od",-25,"Yes 4","yes","original"
"R_PwfHbOWesn6tR0l",-50,"Yes 4","yes","original"
"R_sChbmfdhKx3fYFb",-27,"Yes 4","yes","original"
"R_SIBMbeTFd37lOY9",-9,"Yes 4","yes","original"
"R_XLNB6At9fKflzG1",-22,"Yes 4","yes","original"
"R_z6C8dk0TuG2cq2t",-15,"Yes 4","yes","original"
"R_0TbvEJOOdRE8Po5",0,"New Yes 7","yes","original"
"R_10NQO6ofuvssLna",4,"New Yes 7","yes","original"
"R_125YC954CGborqS",0,"New Yes 7","yes","original"
"R_1FKepxOiPxYVQHz",0,"New Yes 7","yes","original"
"R_1igi8iqWfkvrcc1",20,"New Yes 7","yes","original"
"R_1jwjzf7E6IsgZqq",-21,"New Yes 7","yes","original"
"R_1jwUh0dtFWDuT4x",23,"New Yes 7","yes","original"
"R_1mL9sBksGn4Chrc",-17,"New Yes 7","yes","original"
"R_1ooRxXWrJBeti3l",0,"New Yes 7","yes","original"
"R_1pmV7CCbwnNL4bs",0,"New Yes 7","yes","original"
"R_1qg5zxG4OHT34gX",19,"New Yes 7","yes","original"
"R_1rwYAjoube9ImlK",24,"New Yes 7","yes","original"
"R_22DGikbZewcoEkH",-32,"New Yes 7","yes","original"
"R_22R1B5mN0RA0RMU",-5,"New Yes 7","yes","original"
"R_2aQ6gax5O03RSIv",0,"New Yes 7","yes","original"
"R_2dlINIzP1v3FX0g",16,"New Yes 7","yes","original"
"R_2ebd9LcKLlwFO5v",-2,"New Yes 7","yes","original"
"R_2h5GlipyzZ47VLj",-10,"New Yes 7","yes","original"
"R_2QrLW0BHAjWVg7Q",0,"New Yes 7","yes","original"
"R_2rAt1AD0sqk7yPG",12,"New Yes 7","yes","original"
"R_2rkgUKYk3bYGIoF",0,"New Yes 7","yes","original"
"R_2uCFCg6xVDEY02q",0,"New Yes 7","yes","original"
"R_2XizCOMyNrGa7Az",-5,"New Yes 7","yes","original"
"R_31zuDrqUATmHgFI",0,"New Yes 7","yes","original"
"R_32KqOo2AEj0tVdX",0,"New Yes 7","yes","original"
"R_3D77jkyASlRGTqD",0,"New Yes 7","yes","original"
"R_3dDE8OS7jARHVcT",1,"New Yes 7","yes","original"
"R_3G3S0l7VxciaIWg",0,"New Yes 7","yes","original"
"R_3iI892aKIzlTCm3",4,"New Yes 7","yes","original"
"R_3KW9H9FC1ifo1YV",0,"New Yes 7","yes","original"
"R_3MRne9JybULuGPX",0,"New Yes 7","yes","original"
"R_a90wt16hQIHhsRj",0,"New Yes 7","yes","original"
"R_Aaiu7NwZQoFdazT",0,"New Yes 7","yes","original"
"R_AhSldTz7xNWz7SF",0,"New Yes 7","yes","original"
"R_ANeTIXcBIwyfggV",31,"New Yes 7","yes","original"
"R_BDEiiuol7PCm5od",-1,"New Yes 7","yes","original"
"R_PwfHbOWesn6tR0l",0,"New Yes 7","yes","original"
"R_sChbmfdhKx3fYFb",0,"New Yes 7","yes","original"
"R_SIBMbeTFd37lOY9",32,"New Yes 7","yes","original"
"R_XLNB6At9fKflzG1",1,"New Yes 7","yes","original"
"R_z6C8dk0TuG2cq2t",0,"New Yes 7","yes","original"
"R_0TbvEJOOdRE8Po5",13,"New Yes 9","yes","original"
"R_10NQO6ofuvssLna",34,"New Yes 9","yes","original"
"R_125YC954CGborqS",-19,"New Yes 9","yes","original"
"R_1FKepxOiPxYVQHz",-30,"New Yes 9","yes","original"
"R_1igi8iqWfkvrcc1",30,"New Yes 9","yes","original"
"R_1jwjzf7E6IsgZqq",-14,"New Yes 9","yes","original"
"R_1jwUh0dtFWDuT4x",7,"New Yes 9","yes","original"
"R_1mL9sBksGn4Chrc",10,"New Yes 9","yes","original"
"R_1ooRxXWrJBeti3l",3,"New Yes 9","yes","original"
"R_1pmV7CCbwnNL4bs",9,"New Yes 9","yes","original"
"R_1qg5zxG4OHT34gX",-3,"New Yes 9","yes","original"
"R_1rwYAjoube9ImlK",11,"New Yes 9","yes","original"
"R_22DGikbZewcoEkH",5,"New Yes 9","yes","original"
"R_22R1B5mN0RA0RMU",5,"New Yes 9","yes","original"
"R_2aQ6gax5O03RSIv",3,"New Yes 9","yes","original"
"R_2dlINIzP1v3FX0g",15,"New Yes 9","yes","original"
"R_2ebd9LcKLlwFO5v",13,"New Yes 9","yes","original"
"R_2h5GlipyzZ47VLj",6,"New Yes 9","yes","original"
"R_2QrLW0BHAjWVg7Q",50,"New Yes 9","yes","original"
"R_2rAt1AD0sqk7yPG",-14,"New Yes 9","yes","original"
"R_2rkgUKYk3bYGIoF",5,"New Yes 9","yes","original"
"R_2uCFCg6xVDEY02q",5,"New Yes 9","yes","original"
"R_2XizCOMyNrGa7Az",28,"New Yes 9","yes","original"
"R_31zuDrqUATmHgFI",12,"New Yes 9","yes","original"
"R_32KqOo2AEj0tVdX",20,"New Yes 9","yes","original"
"R_3D77jkyASlRGTqD",14,"New Yes 9","yes","original"
"R_3dDE8OS7jARHVcT",12,"New Yes 9","yes","original"
"R_3G3S0l7VxciaIWg",-4,"New Yes 9","yes","original"
"R_3iI892aKIzlTCm3",8,"New Yes 9","yes","original"
"R_3KW9H9FC1ifo1YV",15,"New Yes 9","yes","original"
"R_3MRne9JybULuGPX",15,"New Yes 9","yes","original"
"R_a90wt16hQIHhsRj",-20,"New Yes 9","yes","original"
"R_Aaiu7NwZQoFdazT",15,"New Yes 9","yes","original"
"R_AhSldTz7xNWz7SF",-2,"New Yes 9","yes","original"
"R_ANeTIXcBIwyfggV",33,"New Yes 9","yes","original"
"R_BDEiiuol7PCm5od",31,"New Yes 9","yes","original"
"R_PwfHbOWesn6tR0l",25,"New Yes 9","yes","original"
"R_sChbmfdhKx3fYFb",27,"New Yes 9","yes","original"
"R_SIBMbeTFd37lOY9",29,"New Yes 9","yes","original"
"R_XLNB6At9fKflzG1",31,"New Yes 9","yes","original"
"R_z6C8dk0TuG2cq2t",0,"New Yes 9","yes","original"
"R_0TbvEJOOdRE8Po5",-6,"New Yes 10","yes","original"
"R_10NQO6ofuvssLna",3,"New Yes 10","yes","original"
"R_125YC954CGborqS",0,"New Yes 10","yes","original"
"R_1FKepxOiPxYVQHz",0,"New Yes 10","yes","original"
"R_1igi8iqWfkvrcc1",20,"New Yes 10","yes","original"
"R_1jwjzf7E6IsgZqq",-21,"New Yes 10","yes","original"
"R_1jwUh0dtFWDuT4x",-21,"New Yes 10","yes","original"
"R_1mL9sBksGn4Chrc",-30,"New Yes 10","yes","original"
"R_1ooRxXWrJBeti3l",0,"New Yes 10","yes","original"
"R_1pmV7CCbwnNL4bs",-5,"New Yes 10","yes","original"
"R_1qg5zxG4OHT34gX",-4,"New Yes 10","yes","original"
"R_1rwYAjoube9ImlK",9,"New Yes 10","yes","original"
"R_22DGikbZewcoEkH",-25,"New Yes 10","yes","original"
"R_22R1B5mN0RA0RMU",-10,"New Yes 10","yes","original"
"R_2aQ6gax5O03RSIv",-28,"New Yes 10","yes","original"
"R_2dlINIzP1v3FX0g",-2,"New Yes 10","yes","original"
"R_2ebd9LcKLlwFO5v",-10,"New Yes 10","yes","original"
"R_2h5GlipyzZ47VLj",0,"New Yes 10","yes","original"
"R_2QrLW0BHAjWVg7Q",-13,"New Yes 10","yes","original"
"R_2rAt1AD0sqk7yPG",-15,"New Yes 10","yes","original"
"R_2rkgUKYk3bYGIoF",0,"New Yes 10","yes","original"
"R_2uCFCg6xVDEY02q",-2,"New Yes 10","yes","original"
"R_2XizCOMyNrGa7Az",-8,"New Yes 10","yes","original"
"R_31zuDrqUATmHgFI",0,"New Yes 10","yes","original"
"R_32KqOo2AEj0tVdX",0,"New Yes 10","yes","original"
"R_3D77jkyASlRGTqD",0,"New Yes 10","yes","original"
"R_3dDE8OS7jARHVcT",4,"New Yes 10","yes","original"
"R_3G3S0l7VxciaIWg",0,"New Yes 10","yes","original"
"R_3iI892aKIzlTCm3",14,"New Yes 10","yes","original"
"R_3KW9H9FC1ifo1YV",20,"New Yes 10","yes","original"
"R_3MRne9JybULuGPX",0,"New Yes 10","yes","original"
"R_a90wt16hQIHhsRj",0,"New Yes 10","yes","original"
"R_Aaiu7NwZQoFdazT",0,"New Yes 10","yes","original"
"R_AhSldTz7xNWz7SF",0,"New Yes 10","yes","original"
"R_ANeTIXcBIwyfggV",14,"New Yes 10","yes","original"
"R_BDEiiuol7PCm5od",3,"New Yes 10","yes","original"
"R_PwfHbOWesn6tR0l",0,"New Yes 10","yes","original"
"R_sChbmfdhKx3fYFb",0,"New Yes 10","yes","original"
"R_SIBMbeTFd37lOY9",-50,"New Yes 10","yes","original"
"R_XLNB6At9fKflzG1",-10,"New Yes 10","yes","original"
"R_z6C8dk0TuG2cq2t",0,"New Yes 10","yes","original"
"R_0TbvEJOOdRE8Po5",14,"Maybe 1","maybe","original"
"R_10NQO6ofuvssLna",40,"Maybe 1","maybe","original"
"R_125YC954CGborqS",11,"Maybe 1","maybe","original"
"R_1FKepxOiPxYVQHz",40,"Maybe 1","maybe","original"
"R_1igi8iqWfkvrcc1",40,"Maybe 1","maybe","original"
"R_1jwjzf7E6IsgZqq",16,"Maybe 1","maybe","original"
"R_1jwUh0dtFWDuT4x",12,"Maybe 1","maybe","original"
"R_1mL9sBksGn4Chrc",3,"Maybe 1","maybe","original"
"R_1ooRxXWrJBeti3l",12,"Maybe 1","maybe","original"
"R_1pmV7CCbwnNL4bs",17,"Maybe 1","maybe","original"
"R_1qg5zxG4OHT34gX",7,"Maybe 1","maybe","original"
"R_1rwYAjoube9ImlK",31,"Maybe 1","maybe","original"
"R_22DGikbZewcoEkH",50,"Maybe 1","maybe","original"
"R_22R1B5mN0RA0RMU",35,"Maybe 1","maybe","original"
"R_2aQ6gax5O03RSIv",30,"Maybe 1","maybe","original"
"R_2dlINIzP1v3FX0g",41,"Maybe 1","maybe","original"
"R_2ebd9LcKLlwFO5v",-42,"Maybe 1","maybe","original"
"R_2h5GlipyzZ47VLj",21,"Maybe 1","maybe","original"
"R_2QrLW0BHAjWVg7Q",0,"Maybe 1","maybe","original"
"R_2rAt1AD0sqk7yPG",18,"Maybe 1","maybe","original"
"R_2rkgUKYk3bYGIoF",10,"Maybe 1","maybe","original"
"R_2uCFCg6xVDEY02q",6,"Maybe 1","maybe","original"
"R_2XizCOMyNrGa7Az",41,"Maybe 1","maybe","original"
"R_31zuDrqUATmHgFI",12,"Maybe 1","maybe","original"
"R_32KqOo2AEj0tVdX",37,"Maybe 1","maybe","original"
"R_3D77jkyASlRGTqD",11,"Maybe 1","maybe","original"
"R_3dDE8OS7jARHVcT",34,"Maybe 1","maybe","original"
"R_3G3S0l7VxciaIWg",6,"Maybe 1","maybe","original"
"R_3iI892aKIzlTCm3",15,"Maybe 1","maybe","original"
"R_3KW9H9FC1ifo1YV",0,"Maybe 1","maybe","original"
"R_3MRne9JybULuGPX",15,"Maybe 1","maybe","original"
"R_a90wt16hQIHhsRj",31,"Maybe 1","maybe","original"
"R_Aaiu7NwZQoFdazT",15,"Maybe 1","maybe","original"
"R_AhSldTz7xNWz7SF",5,"Maybe 1","maybe","original"
"R_ANeTIXcBIwyfggV",38,"Maybe 1","maybe","original"
"R_BDEiiuol7PCm5od",13,"Maybe 1","maybe","original"
"R_PwfHbOWesn6tR0l",50,"Maybe 1","maybe","original"
"R_sChbmfdhKx3fYFb",16,"Maybe 1","maybe","original"
"R_SIBMbeTFd37lOY9",-29,"Maybe 1","maybe","original"
"R_XLNB6At9fKflzG1",50,"Maybe 1","maybe","original"
"R_z6C8dk0TuG2cq2t",20,"Maybe 1","maybe","original"
"R_0TbvEJOOdRE8Po5",24,"Maybe 2","maybe","original"
"R_10NQO6ofuvssLna",34,"Maybe 2","maybe","original"
"R_125YC954CGborqS",11,"Maybe 2","maybe","original"
"R_1FKepxOiPxYVQHz",40,"Maybe 2","maybe","original"
"R_1igi8iqWfkvrcc1",0,"Maybe 2","maybe","original"
"R_1jwjzf7E6IsgZqq",-15,"Maybe 2","maybe","original"
"R_1jwUh0dtFWDuT4x",15,"Maybe 2","maybe","original"
"R_1mL9sBksGn4Chrc",5,"Maybe 2","maybe","original"
"R_1ooRxXWrJBeti3l",16,"Maybe 2","maybe","original"
"R_1pmV7CCbwnNL4bs",7,"Maybe 2","maybe","original"
"R_1qg5zxG4OHT34gX",8,"Maybe 2","maybe","original"
"R_1rwYAjoube9ImlK",10,"Maybe 2","maybe","original"
"R_22DGikbZewcoEkH",46,"Maybe 2","maybe","original"
"R_22R1B5mN0RA0RMU",0,"Maybe 2","maybe","original"
"R_2aQ6gax5O03RSIv",3,"Maybe 2","maybe","original"
"R_2dlINIzP1v3FX0g",-22,"Maybe 2","maybe","original"
"R_2ebd9LcKLlwFO5v",-21,"Maybe 2","maybe","original"
"R_2h5GlipyzZ47VLj",40,"Maybe 2","maybe","original"
"R_2QrLW0BHAjWVg7Q",10,"Maybe 2","maybe","original"
"R_2rAt1AD0sqk7yPG",-17,"Maybe 2","maybe","original"
"R_2rkgUKYk3bYGIoF",10,"Maybe 2","maybe","original"
"R_2uCFCg6xVDEY02q",13,"Maybe 2","maybe","original"
"R_2XizCOMyNrGa7Az",31,"Maybe 2","maybe","original"
"R_31zuDrqUATmHgFI",12,"Maybe 2","maybe","original"
"R_32KqOo2AEj0tVdX",50,"Maybe 2","maybe","original"
"R_3D77jkyASlRGTqD",10,"Maybe 2","maybe","original"
"R_3dDE8OS7jARHVcT",34,"Maybe 2","maybe","original"
"R_3G3S0l7VxciaIWg",7,"Maybe 2","maybe","original"
"R_3iI892aKIzlTCm3",-9,"Maybe 2","maybe","original"
"R_3KW9H9FC1ifo1YV",24,"Maybe 2","maybe","original"
"R_3MRne9JybULuGPX",15,"Maybe 2","maybe","original"
"R_a90wt16hQIHhsRj",30,"Maybe 2","maybe","original"
"R_Aaiu7NwZQoFdazT",10,"Maybe 2","maybe","original"
"R_AhSldTz7xNWz7SF",5,"Maybe 2","maybe","original"
"R_ANeTIXcBIwyfggV",31,"Maybe 2","maybe","original"
"R_BDEiiuol7PCm5od",11,"Maybe 2","maybe","original"
"R_PwfHbOWesn6tR0l",50,"Maybe 2","maybe","original"
"R_sChbmfdhKx3fYFb",18,"Maybe 2","maybe","original"
"R_SIBMbeTFd37lOY9",-50,"Maybe 2","maybe","original"
"R_XLNB6At9fKflzG1",50,"Maybe 2","maybe","original"
"R_z6C8dk0TuG2cq2t",15,"Maybe 2","maybe","original"
"R_0TbvEJOOdRE8Po5",32,"Maybe 3","maybe","original"
"R_10NQO6ofuvssLna",-5,"Maybe 3","maybe","original"
"R_125YC954CGborqS",10,"Maybe 3","maybe","original"
"R_1FKepxOiPxYVQHz",49,"Maybe 3","maybe","original"
"R_1igi8iqWfkvrcc1",30,"Maybe 3","maybe","original"
"R_1jwjzf7E6IsgZqq",-9,"Maybe 3","maybe","original"
"R_1jwUh0dtFWDuT4x",12,"Maybe 3","maybe","original"
"R_1mL9sBksGn4Chrc",-10,"Maybe 3","maybe","original"
"R_1ooRxXWrJBeti3l",16,"Maybe 3","maybe","original"
"R_1pmV7CCbwnNL4bs",12,"Maybe 3","maybe","original"
"R_1qg5zxG4OHT34gX",2,"Maybe 3","maybe","original"
"R_1rwYAjoube9ImlK",26,"Maybe 3","maybe","original"
"R_22DGikbZewcoEkH",20,"Maybe 3","maybe","original"
"R_22R1B5mN0RA0RMU",-5,"Maybe 3","maybe","original"
"R_2aQ6gax5O03RSIv",20,"Maybe 3","maybe","original"
"R_2dlINIzP1v3FX0g",43,"Maybe 3","maybe","original"
"R_2ebd9LcKLlwFO5v",-14,"Maybe 3","maybe","original"
"R_2h5GlipyzZ47VLj",21,"Maybe 3","maybe","original"
"R_2QrLW0BHAjWVg7Q",10,"Maybe 3","maybe","original"
"R_2rAt1AD0sqk7yPG",16,"Maybe 3","maybe","original"
"R_2rkgUKYk3bYGIoF",5,"Maybe 3","maybe","original"
"R_2uCFCg6xVDEY02q",10,"Maybe 3","maybe","original"
"R_2XizCOMyNrGa7Az",32,"Maybe 3","maybe","original"
"R_31zuDrqUATmHgFI",12,"Maybe 3","maybe","original"
"R_32KqOo2AEj0tVdX",50,"Maybe 3","maybe","original"
"R_3D77jkyASlRGTqD",8,"Maybe 3","maybe","original"
"R_3dDE8OS7jARHVcT",30,"Maybe 3","maybe","original"
"R_3G3S0l7VxciaIWg",8,"Maybe 3","maybe","original"
"R_3iI892aKIzlTCm3",-9,"Maybe 3","maybe","original"
"R_3KW9H9FC1ifo1YV",21,"Maybe 3","maybe","original"
"R_3MRne9JybULuGPX",10,"Maybe 3","maybe","original"
"R_a90wt16hQIHhsRj",31,"Maybe 3","maybe","original"
"R_Aaiu7NwZQoFdazT",5,"Maybe 3","maybe","original"
"R_AhSldTz7xNWz7SF",5,"Maybe 3","maybe","original"
"R_ANeTIXcBIwyfggV",40,"Maybe 3","maybe","original"
"R_BDEiiuol7PCm5od",5,"Maybe 3","maybe","original"
"R_PwfHbOWesn6tR0l",50,"Maybe 3","maybe","original"
"R_sChbmfdhKx3fYFb",10,"Maybe 3","maybe","original"
"R_SIBMbeTFd37lOY9",50,"Maybe 3","maybe","original"
"R_XLNB6At9fKflzG1",49,"Maybe 3","maybe","original"
"R_z6C8dk0TuG2cq2t",10,"Maybe 3","maybe","original"
"R_0TbvEJOOdRE8Po5",-17,"New Maybe 1","maybe","original"
"R_10NQO6ofuvssLna",0,"New Maybe 1","maybe","original"
"R_125YC954CGborqS",11,"New Maybe 1","maybe","original"
"R_1FKepxOiPxYVQHz",0,"New Maybe 1","maybe","original"
"R_1igi8iqWfkvrcc1",10,"New Maybe 1","maybe","original"
"R_1jwjzf7E6IsgZqq",-15,"New Maybe 1","maybe","original"
"R_1jwUh0dtFWDuT4x",-1,"New Maybe 1","maybe","original"
"R_1mL9sBksGn4Chrc",0,"New Maybe 1","maybe","original"
"R_1ooRxXWrJBeti3l",16,"New Maybe 1","maybe","original"
"R_1pmV7CCbwnNL4bs",17,"New Maybe 1","maybe","original"
"R_1qg5zxG4OHT34gX",10,"New Maybe 1","maybe","original"
"R_1rwYAjoube9ImlK",41,"New Maybe 1","maybe","original"
"R_22DGikbZewcoEkH",12,"New Maybe 1","maybe","original"
"R_22R1B5mN0RA0RMU",10,"New Maybe 1","maybe","original"
"R_2aQ6gax5O03RSIv",42,"New Maybe 1","maybe","original"
"R_2dlINIzP1v3FX0g",3,"New Maybe 1","maybe","original"
"R_2ebd9LcKLlwFO5v",-17,"New Maybe 1","maybe","original"
"R_2h5GlipyzZ47VLj",21,"New Maybe 1","maybe","original"
"R_2QrLW0BHAjWVg7Q",10,"New Maybe 1","maybe","original"
"R_2rAt1AD0sqk7yPG",-8,"New Maybe 1","maybe","original"
"R_2rkgUKYk3bYGIoF",10,"New Maybe 1","maybe","original"
"R_2uCFCg6xVDEY02q",6,"New Maybe 1","maybe","original"
"R_2XizCOMyNrGa7Az",16,"New Maybe 1","maybe","original"
"R_31zuDrqUATmHgFI",12,"New Maybe 1","maybe","original"
"R_32KqOo2AEj0tVdX",0,"New Maybe 1","maybe","original"
"R_3D77jkyASlRGTqD",10,"New Maybe 1","maybe","original"
"R_3dDE8OS7jARHVcT",18,"New Maybe 1","maybe","original"
"R_3G3S0l7VxciaIWg",10,"New Maybe 1","maybe","original"
"R_3iI892aKIzlTCm3",-10,"New Maybe 1","maybe","original"
"R_3KW9H9FC1ifo1YV",13,"New Maybe 1","maybe","original"
"R_3MRne9JybULuGPX",10,"New Maybe 1","maybe","original"
"R_a90wt16hQIHhsRj",30,"New Maybe 1","maybe","original"
"R_Aaiu7NwZQoFdazT",5,"New Maybe 1","maybe","original"
"R_AhSldTz7xNWz7SF",5,"New Maybe 1","maybe","original"
"R_ANeTIXcBIwyfggV",45,"New Maybe 1","maybe","original"
"R_BDEiiuol7PCm5od",14,"New Maybe 1","maybe","original"
"R_PwfHbOWesn6tR0l",30,"New Maybe 1","maybe","original"
"R_sChbmfdhKx3fYFb",16,"New Maybe 1","maybe","original"
"R_SIBMbeTFd37lOY9",-29,"New Maybe 1","maybe","original"
"R_XLNB6At9fKflzG1",50,"New Maybe 1","maybe","original"
"R_z6C8dk0TuG2cq2t",20,"New Maybe 1","maybe","original"
"R_0TbvEJOOdRE8Po5",5,"New Maybe 2","maybe","original"
"R_10NQO6ofuvssLna",29,"New Maybe 2","maybe","original"
"R_125YC954CGborqS",10,"New Maybe 2","maybe","original"
"R_1FKepxOiPxYVQHz",50,"New Maybe 2","maybe","original"
"R_1igi8iqWfkvrcc1",10,"New Maybe 2","maybe","original"
"R_1jwjzf7E6IsgZqq",19,"New Maybe 2","maybe","original"
"R_1jwUh0dtFWDuT4x",3,"New Maybe 2","maybe","original"
"R_1mL9sBksGn4Chrc",-10,"New Maybe 2","maybe","original"
"R_1ooRxXWrJBeti3l",12,"New Maybe 2","maybe","original"
"R_1pmV7CCbwnNL4bs",11,"New Maybe 2","maybe","original"
"R_1qg5zxG4OHT34gX",23,"New Maybe 2","maybe","original"
"R_1rwYAjoube9ImlK",-10,"New Maybe 2","maybe","original"
"R_22DGikbZewcoEkH",32,"New Maybe 2","maybe","original"
"R_22R1B5mN0RA0RMU",5,"New Maybe 2","maybe","original"
"R_2aQ6gax5O03RSIv",24,"New Maybe 2","maybe","original"
"R_2dlINIzP1v3FX0g",-2,"New Maybe 2","maybe","original"
"R_2ebd9LcKLlwFO5v",-11,"New Maybe 2","maybe","original"
"R_2h5GlipyzZ47VLj",37,"New Maybe 2","maybe","original"
"R_2QrLW0BHAjWVg7Q",0,"New Maybe 2","maybe","original"
"R_2rAt1AD0sqk7yPG",22,"New Maybe 2","maybe","original"
"R_2rkgUKYk3bYGIoF",15,"New Maybe 2","maybe","original"
"R_2uCFCg6xVDEY02q",10,"New Maybe 2","maybe","original"
"R_2XizCOMyNrGa7Az",24,"New Maybe 2","maybe","original"
"R_31zuDrqUATmHgFI",12,"New Maybe 2","maybe","original"
"R_32KqOo2AEj0tVdX",46,"New Maybe 2","maybe","original"
"R_3D77jkyASlRGTqD",11,"New Maybe 2","maybe","original"
"R_3dDE8OS7jARHVcT",9,"New Maybe 2","maybe","original"
"R_3G3S0l7VxciaIWg",3,"New Maybe 2","maybe","original"
"R_3iI892aKIzlTCm3",-9,"New Maybe 2","maybe","original"
"R_3KW9H9FC1ifo1YV",21,"New Maybe 2","maybe","original"
"R_3MRne9JybULuGPX",10,"New Maybe 2","maybe","original"
"R_a90wt16hQIHhsRj",20,"New Maybe 2","maybe","original"
"R_Aaiu7NwZQoFdazT",5,"New Maybe 2","maybe","original"
"R_AhSldTz7xNWz7SF",5,"New Maybe 2","maybe","original"
"R_ANeTIXcBIwyfggV",15,"New Maybe 2","maybe","original"
"R_BDEiiuol7PCm5od",8,"New Maybe 2","maybe","original"
"R_PwfHbOWesn6tR0l",50,"New Maybe 2","maybe","original"
"R_sChbmfdhKx3fYFb",15,"New Maybe 2","maybe","original"
"R_SIBMbeTFd37lOY9",19,"New Maybe 2","maybe","original"
"R_XLNB6At9fKflzG1",50,"New Maybe 2","maybe","original"
"R_z6C8dk0TuG2cq2t",10,"New Maybe 2","maybe","original"
"R_0TbvEJOOdRE8Po5",8,"New Maybe 3","maybe","original"
"R_10NQO6ofuvssLna",-32,"New Maybe 3","maybe","original"
"R_125YC954CGborqS",-10,"New Maybe 3","maybe","original"
"R_1FKepxOiPxYVQHz",40,"New Maybe 3","maybe","original"
"R_1igi8iqWfkvrcc1",-30,"New Maybe 3","maybe","original"
"R_1jwjzf7E6IsgZqq",-11,"New Maybe 3","maybe","original"
"R_1jwUh0dtFWDuT4x",21,"New Maybe 3","maybe","original"
"R_1mL9sBksGn4Chrc",-20,"New Maybe 3","maybe","original"
"R_1ooRxXWrJBeti3l",12,"New Maybe 3","maybe","original"
"R_1pmV7CCbwnNL4bs",8,"New Maybe 3","maybe","original"
"R_1qg5zxG4OHT34gX",10,"New Maybe 3","maybe","original"
"R_1rwYAjoube9ImlK",11,"New Maybe 3","maybe","original"
"R_22DGikbZewcoEkH",-28,"New Maybe 3","maybe","original"
"R_22R1B5mN0RA0RMU",5,"New Maybe 3","maybe","original"
"R_2aQ6gax5O03RSIv",-3,"New Maybe 3","maybe","original"
"R_2dlINIzP1v3FX0g",-6,"New Maybe 3","maybe","original"
"R_2ebd9LcKLlwFO5v",-14,"New Maybe 3","maybe","original"
"R_2h5GlipyzZ47VLj",41,"New Maybe 3","maybe","original"
"R_2QrLW0BHAjWVg7Q",5,"New Maybe 3","maybe","original"
"R_2rAt1AD0sqk7yPG",23,"New Maybe 3","maybe","original"
"R_2rkgUKYk3bYGIoF",-5,"New Maybe 3","maybe","original"
"R_2uCFCg6xVDEY02q",10,"New Maybe 3","maybe","original"
"R_2XizCOMyNrGa7Az",21,"New Maybe 3","maybe","original"
"R_31zuDrqUATmHgFI",9,"New Maybe 3","maybe","original"
"R_32KqOo2AEj0tVdX",-28,"New Maybe 3","maybe","original"
"R_3D77jkyASlRGTqD",5,"New Maybe 3","maybe","original"
"R_3dDE8OS7jARHVcT",16,"New Maybe 3","maybe","original"
"R_3G3S0l7VxciaIWg",0,"New Maybe 3","maybe","original"
"R_3iI892aKIzlTCm3",13,"New Maybe 3","maybe","original"
"R_3KW9H9FC1ifo1YV",0,"New Maybe 3","maybe","original"
"R_3MRne9JybULuGPX",10,"New Maybe 3","maybe","original"
"R_a90wt16hQIHhsRj",21,"New Maybe 3","maybe","original"
"R_Aaiu7NwZQoFdazT",-10,"New Maybe 3","maybe","original"
"R_AhSldTz7xNWz7SF",0,"New Maybe 3","maybe","original"
"R_ANeTIXcBIwyfggV",35,"New Maybe 3","maybe","original"
"R_BDEiiuol7PCm5od",14,"New Maybe 3","maybe","original"
"R_PwfHbOWesn6tR0l",-40,"New Maybe 3","maybe","original"
"R_sChbmfdhKx3fYFb",9,"New Maybe 3","maybe","original"
"R_SIBMbeTFd37lOY9",-30,"New Maybe 3","maybe","original"
"R_XLNB6At9fKflzG1",0,"New Maybe 3","maybe","original"
"R_z6C8dk0TuG2cq2t",15,"New Maybe 3","maybe","original"
"R_0TbvEJOOdRE8Po5",15,"New Maybe 4","maybe","original"
"R_10NQO6ofuvssLna",-33,"New Maybe 4","maybe","original"
"R_125YC954CGborqS",-20,"New Maybe 4","maybe","original"
"R_1FKepxOiPxYVQHz",-20,"New Maybe 4","maybe","original"
"R_1igi8iqWfkvrcc1",-10,"New Maybe 4","maybe","original"
"R_1jwjzf7E6IsgZqq",-25,"New Maybe 4","maybe","original"
"R_1jwUh0dtFWDuT4x",11,"New Maybe 4","maybe","original"
"R_1mL9sBksGn4Chrc",-42,"New Maybe 4","maybe","original"
"R_1ooRxXWrJBeti3l",12,"New Maybe 4","maybe","original"
"R_1pmV7CCbwnNL4bs",21,"New Maybe 4","maybe","original"
"R_1qg5zxG4OHT34gX",12,"New Maybe 4","maybe","original"
"R_1rwYAjoube9ImlK",31,"New Maybe 4","maybe","original"
"R_22DGikbZewcoEkH",-46,"New Maybe 4","maybe","original"
"R_22R1B5mN0RA0RMU",0,"New Maybe 4","maybe","original"
"R_2aQ6gax5O03RSIv",-6,"New Maybe 4","maybe","original"
"R_2dlINIzP1v3FX0g",-44,"New Maybe 4","maybe","original"
"R_2ebd9LcKLlwFO5v",-8,"New Maybe 4","maybe","original"
"R_2h5GlipyzZ47VLj",31,"New Maybe 4","maybe","original"
"R_2QrLW0BHAjWVg7Q",-9,"New Maybe 4","maybe","original"
"R_2rAt1AD0sqk7yPG",0,"New Maybe 4","maybe","original"
"R_2rkgUKYk3bYGIoF",-10,"New Maybe 4","maybe","original"
"R_2uCFCg6xVDEY02q",11,"New Maybe 4","maybe","original"
"R_2XizCOMyNrGa7Az",10,"New Maybe 4","maybe","original"
"R_31zuDrqUATmHgFI",0,"New Maybe 4","maybe","original"
"R_32KqOo2AEj0tVdX",-31,"New Maybe 4","maybe","original"
"R_3D77jkyASlRGTqD",-8,"New Maybe 4","maybe","original"
"R_3dDE8OS7jARHVcT",18,"New Maybe 4","maybe","original"
"R_3G3S0l7VxciaIWg",7,"New Maybe 4","maybe","original"
"R_3iI892aKIzlTCm3",13,"New Maybe 4","maybe","original"
"R_3KW9H9FC1ifo1YV",-13,"New Maybe 4","maybe","original"
"R_3MRne9JybULuGPX",5,"New Maybe 4","maybe","original"
"R_a90wt16hQIHhsRj",20,"New Maybe 4","maybe","original"
"R_Aaiu7NwZQoFdazT",11,"New Maybe 4","maybe","original"
"R_AhSldTz7xNWz7SF",0,"New Maybe 4","maybe","original"
"R_ANeTIXcBIwyfggV",31,"New Maybe 4","maybe","original"
"R_BDEiiuol7PCm5od",-29,"New Maybe 4","maybe","original"
"R_PwfHbOWesn6tR0l",-50,"New Maybe 4","maybe","original"
"R_sChbmfdhKx3fYFb",-5,"New Maybe 4","maybe","original"
"R_SIBMbeTFd37lOY9",-50,"New Maybe 4","maybe","original"
"R_XLNB6At9fKflzG1",50,"New Maybe 4","maybe","original"
"R_z6C8dk0TuG2cq2t",-5,"New Maybe 4","maybe","original"
"R_0TbvEJOOdRE8Po5",10,"New Maybe 5","maybe","original"
"R_10NQO6ofuvssLna",-41,"New Maybe 5","maybe","original"
"R_125YC954CGborqS",-36,"New Maybe 5","maybe","original"
"R_1FKepxOiPxYVQHz",-30,"New Maybe 5","maybe","original"
"R_1igi8iqWfkvrcc1",5,"New Maybe 5","maybe","original"
"R_1jwjzf7E6IsgZqq",20,"New Maybe 5","maybe","original"
"R_1jwUh0dtFWDuT4x",-7,"New Maybe 5","maybe","original"
"R_1mL9sBksGn4Chrc",-45,"New Maybe 5","maybe","original"
"R_1ooRxXWrJBeti3l",0,"New Maybe 5","maybe","original"
"R_1pmV7CCbwnNL4bs",8,"New Maybe 5","maybe","original"
"R_1qg5zxG4OHT34gX",21,"New Maybe 5","maybe","original"
"R_1rwYAjoube9ImlK",10,"New Maybe 5","maybe","original"
"R_22DGikbZewcoEkH",-25,"New Maybe 5","maybe","original"
"R_22R1B5mN0RA0RMU",-50,"New Maybe 5","maybe","original"
"R_2aQ6gax5O03RSIv",-41,"New Maybe 5","maybe","original"
"R_2dlINIzP1v3FX0g",-43,"New Maybe 5","maybe","original"
"R_2ebd9LcKLlwFO5v",-23,"New Maybe 5","maybe","original"
"R_2h5GlipyzZ47VLj",-18,"New Maybe 5","maybe","original"
"R_2QrLW0BHAjWVg7Q",0,"New Maybe 5","maybe","original"
"R_2rAt1AD0sqk7yPG",-15,"New Maybe 5","maybe","original"
"R_2rkgUKYk3bYGIoF",8,"New Maybe 5","maybe","original"
"R_2uCFCg6xVDEY02q",5,"New Maybe 5","maybe","original"
"R_2XizCOMyNrGa7Az",-3,"New Maybe 5","maybe","original"
"R_31zuDrqUATmHgFI",-3,"New Maybe 5","maybe","original"
"R_32KqOo2AEj0tVdX",-28,"New Maybe 5","maybe","original"
"R_3D77jkyASlRGTqD",-6,"New Maybe 5","maybe","original"
"R_3dDE8OS7jARHVcT",-20,"New Maybe 5","maybe","original"
"R_3G3S0l7VxciaIWg",-10,"New Maybe 5","maybe","original"
"R_3iI892aKIzlTCm3",-5,"New Maybe 5","maybe","original"
"R_3KW9H9FC1ifo1YV",-6,"New Maybe 5","maybe","original"
"R_3MRne9JybULuGPX",0,"New Maybe 5","maybe","original"
"R_a90wt16hQIHhsRj",-30,"New Maybe 5","maybe","original"
"R_Aaiu7NwZQoFdazT",5,"New Maybe 5","maybe","original"
"R_AhSldTz7xNWz7SF",-2,"New Maybe 5","maybe","original"
"R_ANeTIXcBIwyfggV",46,"New Maybe 5","maybe","original"
"R_BDEiiuol7PCm5od",32,"New Maybe 5","maybe","original"
"R_PwfHbOWesn6tR0l",-50,"New Maybe 5","maybe","original"
"R_sChbmfdhKx3fYFb",11,"New Maybe 5","maybe","original"
"R_SIBMbeTFd37lOY9",-50,"New Maybe 5","maybe","original"
"R_XLNB6At9fKflzG1",0,"New Maybe 5","maybe","original"
"R_z6C8dk0TuG2cq2t",25,"New Maybe 5","maybe","original"
"R_0TbvEJOOdRE8Po5",-8,"New Maybe 6","maybe","original"
"R_10NQO6ofuvssLna",15,"New Maybe 6","maybe","original"
"R_125YC954CGborqS",16,"New Maybe 6","maybe","original"
"R_1FKepxOiPxYVQHz",40,"New Maybe 6","maybe","original"
"R_1igi8iqWfkvrcc1",0,"New Maybe 6","maybe","original"
"R_1jwjzf7E6IsgZqq",26,"New Maybe 6","maybe","original"
"R_1jwUh0dtFWDuT4x",33,"New Maybe 6","maybe","original"
"R_1mL9sBksGn4Chrc",0,"New Maybe 6","maybe","original"
"R_1ooRxXWrJBeti3l",12,"New Maybe 6","maybe","original"
"R_1pmV7CCbwnNL4bs",8,"New Maybe 6","maybe","original"
"R_1qg5zxG4OHT34gX",5,"New Maybe 6","maybe","original"
"R_1rwYAjoube9ImlK",8,"New Maybe 6","maybe","original"
"R_22DGikbZewcoEkH",42,"New Maybe 6","maybe","original"
"R_22R1B5mN0RA0RMU",40,"New Maybe 6","maybe","original"
"R_2aQ6gax5O03RSIv",18,"New Maybe 6","maybe","original"
"R_2dlINIzP1v3FX0g",24,"New Maybe 6","maybe","original"
"R_2ebd9LcKLlwFO5v",-21,"New Maybe 6","maybe","original"
"R_2h5GlipyzZ47VLj",6,"New Maybe 6","maybe","original"
"R_2QrLW0BHAjWVg7Q",9,"New Maybe 6","maybe","original"
"R_2rAt1AD0sqk7yPG",-11,"New Maybe 6","maybe","original"
"R_2rkgUKYk3bYGIoF",15,"New Maybe 6","maybe","original"
"R_2uCFCg6xVDEY02q",17,"New Maybe 6","maybe","original"
"R_2XizCOMyNrGa7Az",21,"New Maybe 6","maybe","original"
"R_31zuDrqUATmHgFI",12,"New Maybe 6","maybe","original"
"R_32KqOo2AEj0tVdX",0,"New Maybe 6","maybe","original"
"R_3D77jkyASlRGTqD",0,"New Maybe 6","maybe","original"
"R_3dDE8OS7jARHVcT",36,"New Maybe 6","maybe","original"
"R_3G3S0l7VxciaIWg",2,"New Maybe 6","maybe","original"
"R_3iI892aKIzlTCm3",-9,"New Maybe 6","maybe","original"
"R_3KW9H9FC1ifo1YV",35,"New Maybe 6","maybe","original"
"R_3MRne9JybULuGPX",5,"New Maybe 6","maybe","original"
"R_a90wt16hQIHhsRj",0,"New Maybe 6","maybe","original"
"R_Aaiu7NwZQoFdazT",2,"New Maybe 6","maybe","original"
"R_AhSldTz7xNWz7SF",1,"New Maybe 6","maybe","original"
"R_ANeTIXcBIwyfggV",31,"New Maybe 6","maybe","original"
"R_BDEiiuol7PCm5od",12,"New Maybe 6","maybe","original"
"R_PwfHbOWesn6tR0l",50,"New Maybe 6","maybe","original"
"R_sChbmfdhKx3fYFb",20,"New Maybe 6","maybe","original"
"R_SIBMbeTFd37lOY9",3,"New Maybe 6","maybe","original"
"R_XLNB6At9fKflzG1",50,"New Maybe 6","maybe","original"
"R_z6C8dk0TuG2cq2t",25,"New Maybe 6","maybe","original"
"R_0TbvEJOOdRE8Po5",20,"No A","no","original"
"R_10NQO6ofuvssLna",41,"No A","no","original"
"R_125YC954CGborqS",17,"No A","no","original"
"R_1FKepxOiPxYVQHz",42,"No A","no","original"
"R_1igi8iqWfkvrcc1",30,"No A","no","original"
"R_1jwjzf7E6IsgZqq",26,"No A","no","original"
"R_1jwUh0dtFWDuT4x",1,"No A","no","original"
"R_1mL9sBksGn4Chrc",7,"No A","no","original"
"R_1ooRxXWrJBeti3l",12,"No A","no","original"
"R_1pmV7CCbwnNL4bs",11,"No A","no","original"
"R_1qg5zxG4OHT34gX",0,"No A","no","original"
"R_1rwYAjoube9ImlK",32,"No A","no","original"
"R_22DGikbZewcoEkH",49,"No A","no","original"
"R_22R1B5mN0RA0RMU",35,"No A","no","original"
"R_2aQ6gax5O03RSIv",33,"No A","no","original"
"R_2dlINIzP1v3FX0g",15,"No A","no","original"
"R_2ebd9LcKLlwFO5v",-18,"No A","no","original"
"R_2h5GlipyzZ47VLj",28,"No A","no","original"
"R_2QrLW0BHAjWVg7Q",22,"No A","no","original"
"R_2rAt1AD0sqk7yPG",0,"No A","no","original"
"R_2rkgUKYk3bYGIoF",15,"No A","no","original"
"R_2uCFCg6xVDEY02q",16,"No A","no","original"
"R_2XizCOMyNrGa7Az",22,"No A","no","original"
"R_31zuDrqUATmHgFI",12,"No A","no","original"
"R_32KqOo2AEj0tVdX",2,"No A","no","original"
"R_3D77jkyASlRGTqD",9,"No A","no","original"
"R_3dDE8OS7jARHVcT",25,"No A","no","original"
"R_3G3S0l7VxciaIWg",5,"No A","no","original"
"R_3iI892aKIzlTCm3",10,"No A","no","original"
"R_3KW9H9FC1ifo1YV",22,"No A","no","original"
"R_3MRne9JybULuGPX",15,"No A","no","original"
"R_a90wt16hQIHhsRj",21,"No A","no","original"
"R_Aaiu7NwZQoFdazT",15,"No A","no","original"
"R_AhSldTz7xNWz7SF",5,"No A","no","original"
"R_ANeTIXcBIwyfggV",50,"No A","no","original"
"R_BDEiiuol7PCm5od",13,"No A","no","original"
"R_PwfHbOWesn6tR0l",50,"No A","no","original"
"R_sChbmfdhKx3fYFb",21,"No A","no","original"
"R_SIBMbeTFd37lOY9",34,"No A","no","original"
"R_XLNB6At9fKflzG1",33,"No A","no","original"
"R_z6C8dk0TuG2cq2t",15,"No A","no","original"
"R_0TbvEJOOdRE8Po5",17,"No B","no","original"
"R_10NQO6ofuvssLna",40,"No B","no","original"
"R_125YC954CGborqS",11,"No B","no","original"
"R_1FKepxOiPxYVQHz",40,"No B","no","original"
"R_1igi8iqWfkvrcc1",15,"No B","no","original"
"R_1jwjzf7E6IsgZqq",25,"No B","no","original"
"R_1jwUh0dtFWDuT4x",0,"No B","no","original"
"R_1mL9sBksGn4Chrc",10,"No B","no","original"
"R_1ooRxXWrJBeti3l",12,"No B","no","original"
"R_1pmV7CCbwnNL4bs",9,"No B","no","original"
"R_1qg5zxG4OHT34gX",10,"No B","no","original"
"R_1rwYAjoube9ImlK",12,"No B","no","original"
"R_22DGikbZewcoEkH",50,"No B","no","original"
"R_22R1B5mN0RA0RMU",40,"No B","no","original"
"R_2aQ6gax5O03RSIv",19,"No B","no","original"
"R_2dlINIzP1v3FX0g",31,"No B","no","original"
"R_2ebd9LcKLlwFO5v",-17,"No B","no","original"
"R_2h5GlipyzZ47VLj",36,"No B","no","original"
"R_2QrLW0BHAjWVg7Q",20,"No B","no","original"
"R_2rAt1AD0sqk7yPG",-22,"No B","no","original"
"R_2rkgUKYk3bYGIoF",15,"No B","no","original"
"R_2uCFCg6xVDEY02q",18,"No B","no","original"
"R_2XizCOMyNrGa7Az",27,"No B","no","original"
"R_31zuDrqUATmHgFI",8,"No B","no","original"
"R_32KqOo2AEj0tVdX",0,"No B","no","original"
"R_3D77jkyASlRGTqD",6,"No B","no","original"
"R_3dDE8OS7jARHVcT",33,"No B","no","original"
"R_3G3S0l7VxciaIWg",5,"No B","no","original"
"R_3iI892aKIzlTCm3",5,"No B","no","original"
"R_3KW9H9FC1ifo1YV",10,"No B","no","original"
"R_3MRne9JybULuGPX",15,"No B","no","original"
"R_a90wt16hQIHhsRj",21,"No B","no","original"
"R_Aaiu7NwZQoFdazT",21,"No B","no","original"
"R_AhSldTz7xNWz7SF",5,"No B","no","original"
"R_ANeTIXcBIwyfggV",45,"No B","no","original"
"R_BDEiiuol7PCm5od",11,"No B","no","original"
"R_PwfHbOWesn6tR0l",50,"No B","no","original"
"R_sChbmfdhKx3fYFb",26,"No B","no","original"
"R_SIBMbeTFd37lOY9",-14,"No B","no","original"
"R_XLNB6At9fKflzG1",30,"No B","no","original"
"R_z6C8dk0TuG2cq2t",15,"No B","no","original"
"R_0TbvEJOOdRE8Po5",24,"No C","no","original"
"R_10NQO6ofuvssLna",30,"No C","no","original"
"R_125YC954CGborqS",9,"No C","no","original"
"R_1FKepxOiPxYVQHz",50,"No C","no","original"
"R_1igi8iqWfkvrcc1",21,"No C","no","original"
"R_1jwjzf7E6IsgZqq",18,"No C","no","original"
"R_1jwUh0dtFWDuT4x",0,"No C","no","original"
"R_1mL9sBksGn4Chrc",3,"No C","no","original"
"R_1ooRxXWrJBeti3l",0,"No C","no","original"
"R_1pmV7CCbwnNL4bs",27,"No C","no","original"
"R_1qg5zxG4OHT34gX",12,"No C","no","original"
"R_1rwYAjoube9ImlK",31,"No C","no","original"
"R_22DGikbZewcoEkH",50,"No C","no","original"
"R_22R1B5mN0RA0RMU",50,"No C","no","original"
"R_2aQ6gax5O03RSIv",31,"No C","no","original"
"R_2dlINIzP1v3FX0g",30,"No C","no","original"
"R_2ebd9LcKLlwFO5v",10,"No C","no","original"
"R_2h5GlipyzZ47VLj",36,"No C","no","original"
"R_2QrLW0BHAjWVg7Q",10,"No C","no","original"
"R_2rAt1AD0sqk7yPG",-10,"No C","no","original"
"R_2rkgUKYk3bYGIoF",15,"No C","no","original"
"R_2uCFCg6xVDEY02q",13,"No C","no","original"
"R_2XizCOMyNrGa7Az",26,"No C","no","original"
"R_31zuDrqUATmHgFI",12,"No C","no","original"
"R_32KqOo2AEj0tVdX",-35,"No C","no","original"
"R_3D77jkyASlRGTqD",8,"No C","no","original"
"R_3dDE8OS7jARHVcT",37,"No C","no","original"
"R_3G3S0l7VxciaIWg",7,"No C","no","original"
"R_3iI892aKIzlTCm3",-6,"No C","no","original"
"R_3KW9H9FC1ifo1YV",5,"No C","no","original"
"R_3MRne9JybULuGPX",15,"No C","no","original"
"R_a90wt16hQIHhsRj",31,"No C","no","original"
"R_Aaiu7NwZQoFdazT",25,"No C","no","original"
"R_AhSldTz7xNWz7SF",5,"No C","no","original"
"R_ANeTIXcBIwyfggV",36,"No C","no","original"
"R_BDEiiuol7PCm5od",18,"No C","no","original"
"R_PwfHbOWesn6tR0l",50,"No C","no","original"
"R_sChbmfdhKx3fYFb",31,"No C","no","original"
"R_SIBMbeTFd37lOY9",-36,"No C","no","original"
"R_XLNB6At9fKflzG1",50,"No C","no","original"
"R_z6C8dk0TuG2cq2t",10,"No C","no","original"
"R_0TbvEJOOdRE8Po5",10,"No D","no","original"
"R_10NQO6ofuvssLna",39,"No D","no","original"
"R_125YC954CGborqS",10,"No D","no","original"
"R_1FKepxOiPxYVQHz",50,"No D","no","original"
"R_1igi8iqWfkvrcc1",10,"No D","no","original"
"R_1jwjzf7E6IsgZqq",-22,"No D","no","original"
"R_1jwUh0dtFWDuT4x",0,"No D","no","original"
"R_1mL9sBksGn4Chrc",5,"No D","no","original"
"R_1ooRxXWrJBeti3l",12,"No D","no","original"
"R_1pmV7CCbwnNL4bs",27,"No D","no","original"
"R_1qg5zxG4OHT34gX",5,"No D","no","original"
"R_1rwYAjoube9ImlK",21,"No D","no","original"
"R_22DGikbZewcoEkH",36,"No D","no","original"
"R_22R1B5mN0RA0RMU",50,"No D","no","original"
"R_2aQ6gax5O03RSIv",39,"No D","no","original"
"R_2dlINIzP1v3FX0g",13,"No D","no","original"
"R_2ebd9LcKLlwFO5v",-31,"No D","no","original"
"R_2h5GlipyzZ47VLj",15,"No D","no","original"
"R_2QrLW0BHAjWVg7Q",11,"No D","no","original"
"R_2rAt1AD0sqk7yPG",21,"No D","no","original"
"R_2rkgUKYk3bYGIoF",15,"No D","no","original"
"R_2uCFCg6xVDEY02q",10,"No D","no","original"
"R_2XizCOMyNrGa7Az",20,"No D","no","original"
"R_31zuDrqUATmHgFI",12,"No D","no","original"
"R_32KqOo2AEj0tVdX",21,"No D","no","original"
"R_3D77jkyASlRGTqD",7,"No D","no","original"
"R_3dDE8OS7jARHVcT",41,"No D","no","original"
"R_3G3S0l7VxciaIWg",8,"No D","no","original"
"R_3iI892aKIzlTCm3",14,"No D","no","original"
"R_3KW9H9FC1ifo1YV",13,"No D","no","original"
"R_3MRne9JybULuGPX",15,"No D","no","original"
"R_a90wt16hQIHhsRj",27,"No D","no","original"
"R_Aaiu7NwZQoFdazT",10,"No D","no","original"
"R_AhSldTz7xNWz7SF",5,"No D","no","original"
"R_ANeTIXcBIwyfggV",25,"No D","no","original"
"R_BDEiiuol7PCm5od",11,"No D","no","original"
"R_PwfHbOWesn6tR0l",50,"No D","no","original"
"R_sChbmfdhKx3fYFb",23,"No D","no","original"
"R_SIBMbeTFd37lOY9",43,"No D","no","original"
"R_XLNB6At9fKflzG1",49,"No D","no","original"
"R_z6C8dk0TuG2cq2t",5,"No D","no","original"
"R_0TbvEJOOdRE8Po5",11,"Yes B","yes","original"
"R_10NQO6ofuvssLna",-3,"Yes B","yes","original"
"R_125YC954CGborqS",0,"Yes B","yes","original"
"R_1FKepxOiPxYVQHz",40,"Yes B","yes","original"
"R_1igi8iqWfkvrcc1",15,"Yes B","yes","original"
"R_1jwjzf7E6IsgZqq",-15,"Yes B","yes","original"
"R_1jwUh0dtFWDuT4x",11,"Yes B","yes","original"
"R_1mL9sBksGn4Chrc",-10,"Yes B","yes","original"
"R_1ooRxXWrJBeti3l",12,"Yes B","yes","original"
"R_1pmV7CCbwnNL4bs",11,"Yes B","yes","original"
"R_1qg5zxG4OHT34gX",7,"Yes B","yes","original"
"R_1rwYAjoube9ImlK",20,"Yes B","yes","original"
"R_22DGikbZewcoEkH",23,"Yes B","yes","original"
"R_22R1B5mN0RA0RMU",0,"Yes B","yes","original"
"R_2aQ6gax5O03RSIv",-20,"Yes B","yes","original"
"R_2dlINIzP1v3FX0g",-9,"Yes B","yes","original"
"R_2ebd9LcKLlwFO5v",24,"Yes B","yes","original"
"R_2h5GlipyzZ47VLj",31,"Yes B","yes","original"
"R_2QrLW0BHAjWVg7Q",10,"Yes B","yes","original"
"R_2rAt1AD0sqk7yPG",-16,"Yes B","yes","original"
"R_2rkgUKYk3bYGIoF",10,"Yes B","yes","original"
"R_2uCFCg6xVDEY02q",12,"Yes B","yes","original"
"R_2XizCOMyNrGa7Az",23,"Yes B","yes","original"
"R_31zuDrqUATmHgFI",12,"Yes B","yes","original"
"R_32KqOo2AEj0tVdX",0,"Yes B","yes","original"
"R_3D77jkyASlRGTqD",9,"Yes B","yes","original"
"R_3dDE8OS7jARHVcT",19,"Yes B","yes","original"
"R_3G3S0l7VxciaIWg",4,"Yes B","yes","original"
"R_3iI892aKIzlTCm3",10,"Yes B","yes","original"
"R_3KW9H9FC1ifo1YV",39,"Yes B","yes","original"
"R_3MRne9JybULuGPX",15,"Yes B","yes","original"
"R_a90wt16hQIHhsRj",31,"Yes B","yes","original"
"R_Aaiu7NwZQoFdazT",5,"Yes B","yes","original"
"R_AhSldTz7xNWz7SF",5,"Yes B","yes","original"
"R_ANeTIXcBIwyfggV",42,"Yes B","yes","original"
"R_BDEiiuol7PCm5od",16,"Yes B","yes","original"
"R_PwfHbOWesn6tR0l",50,"Yes B","yes","original"
"R_sChbmfdhKx3fYFb",14,"Yes B","yes","original"
"R_SIBMbeTFd37lOY9",-50,"Yes B","yes","original"
"R_XLNB6At9fKflzG1",50,"Yes B","yes","original"
"R_z6C8dk0TuG2cq2t",15,"Yes B","yes","original"
"R_0TbvEJOOdRE8Po5",8,"Yes C","yes","original"
"R_10NQO6ofuvssLna",39,"Yes C","yes","original"
"R_125YC954CGborqS",0,"Yes C","yes","original"
"R_1FKepxOiPxYVQHz",10,"Yes C","yes","original"
"R_1igi8iqWfkvrcc1",3,"Yes C","yes","original"
"R_1jwjzf7E6IsgZqq",-37,"Yes C","yes","original"
"R_1jwUh0dtFWDuT4x",12,"Yes C","yes","original"
"R_1mL9sBksGn4Chrc",0,"Yes C","yes","original"
"R_1ooRxXWrJBeti3l",12,"Yes C","yes","original"
"R_1pmV7CCbwnNL4bs",23,"Yes C","yes","original"
"R_1qg5zxG4OHT34gX",4,"Yes C","yes","original"
"R_1rwYAjoube9ImlK",40,"Yes C","yes","original"
"R_22DGikbZewcoEkH",46,"Yes C","yes","original"
"R_22R1B5mN0RA0RMU",50,"Yes C","yes","original"
"R_2aQ6gax5O03RSIv",13,"Yes C","yes","original"
"R_2dlINIzP1v3FX0g",-34,"Yes C","yes","original"
"R_2ebd9LcKLlwFO5v",-12,"Yes C","yes","original"
"R_2h5GlipyzZ47VLj",30,"Yes C","yes","original"
"R_2QrLW0BHAjWVg7Q",8,"Yes C","yes","original"
"R_2rAt1AD0sqk7yPG",-15,"Yes C","yes","original"
"R_2rkgUKYk3bYGIoF",15,"Yes C","yes","original"
"R_2uCFCg6xVDEY02q",10,"Yes C","yes","original"
"R_2XizCOMyNrGa7Az",21,"Yes C","yes","original"
"R_31zuDrqUATmHgFI",12,"Yes C","yes","original"
"R_32KqOo2AEj0tVdX",0,"Yes C","yes","original"
"R_3D77jkyASlRGTqD",7,"Yes C","yes","original"
"R_3dDE8OS7jARHVcT",35,"Yes C","yes","original"
"R_3G3S0l7VxciaIWg",10,"Yes C","yes","original"
"R_3iI892aKIzlTCm3",-9,"Yes C","yes","original"
"R_3KW9H9FC1ifo1YV",23,"Yes C","yes","original"
"R_3MRne9JybULuGPX",15,"Yes C","yes","original"
"R_a90wt16hQIHhsRj",39,"Yes C","yes","original"
"R_Aaiu7NwZQoFdazT",11,"Yes C","yes","original"
"R_AhSldTz7xNWz7SF",5,"Yes C","yes","original"
"R_ANeTIXcBIwyfggV",19,"Yes C","yes","original"
"R_BDEiiuol7PCm5od",8,"Yes C","yes","original"
"R_PwfHbOWesn6tR0l",50,"Yes C","yes","original"
"R_sChbmfdhKx3fYFb",17,"Yes C","yes","original"
"R_SIBMbeTFd37lOY9",21,"Yes C","yes","original"
"R_XLNB6At9fKflzG1",50,"Yes C","yes","original"
"R_z6C8dk0TuG2cq2t",20,"Yes C","yes","original"
"R_0TbvEJOOdRE8Po5",5,"Yes D","yes","original"
"R_10NQO6ofuvssLna",20,"Yes D","yes","original"
"R_125YC954CGborqS",-5,"Yes D","yes","original"
"R_1FKepxOiPxYVQHz",20,"Yes D","yes","original"
"R_1igi8iqWfkvrcc1",-7,"Yes D","yes","original"
"R_1jwjzf7E6IsgZqq",22,"Yes D","yes","original"
"R_1jwUh0dtFWDuT4x",0,"Yes D","yes","original"
"R_1mL9sBksGn4Chrc",-10,"Yes D","yes","original"
"R_1ooRxXWrJBeti3l",12,"Yes D","yes","original"
"R_1pmV7CCbwnNL4bs",26,"Yes D","yes","original"
"R_1qg5zxG4OHT34gX",3,"Yes D","yes","original"
"R_1rwYAjoube9ImlK",44,"Yes D","yes","original"
"R_22DGikbZewcoEkH",15,"Yes D","yes","original"
"R_22R1B5mN0RA0RMU",-5,"Yes D","yes","original"
"R_2aQ6gax5O03RSIv",10,"Yes D","yes","original"
"R_2dlINIzP1v3FX0g",-17,"Yes D","yes","original"
"R_2ebd9LcKLlwFO5v",2,"Yes D","yes","original"
"R_2h5GlipyzZ47VLj",30,"Yes D","yes","original"
"R_2QrLW0BHAjWVg7Q",21,"Yes D","yes","original"
"R_2rAt1AD0sqk7yPG",20,"Yes D","yes","original"
"R_2rkgUKYk3bYGIoF",15,"Yes D","yes","original"
"R_2uCFCg6xVDEY02q",11,"Yes D","yes","original"
"R_2XizCOMyNrGa7Az",22,"Yes D","yes","original"
"R_31zuDrqUATmHgFI",12,"Yes D","yes","original"
"R_32KqOo2AEj0tVdX",-33,"Yes D","yes","original"
"R_3D77jkyASlRGTqD",8,"Yes D","yes","original"
"R_3dDE8OS7jARHVcT",12,"Yes D","yes","original"
"R_3G3S0l7VxciaIWg",7,"Yes D","yes","original"
"R_3iI892aKIzlTCm3",9,"Yes D","yes","original"
"R_3KW9H9FC1ifo1YV",0,"Yes D","yes","original"
"R_3MRne9JybULuGPX",20,"Yes D","yes","original"
"R_a90wt16hQIHhsRj",40,"Yes D","yes","original"
"R_Aaiu7NwZQoFdazT",2,"Yes D","yes","original"
"R_AhSldTz7xNWz7SF",5,"Yes D","yes","original"
"R_ANeTIXcBIwyfggV",28,"Yes D","yes","original"
"R_BDEiiuol7PCm5od",3,"Yes D","yes","original"
"R_PwfHbOWesn6tR0l",50,"Yes D","yes","original"
"R_sChbmfdhKx3fYFb",21,"Yes D","yes","original"
"R_SIBMbeTFd37lOY9",38,"Yes D","yes","original"
"R_XLNB6At9fKflzG1",-2,"Yes D","yes","original"
"R_z6C8dk0TuG2cq2t",15,"Yes D","yes","original"
"R_0TbvEJOOdRE8Po5",9,"Yes E","yes","original"
"R_10NQO6ofuvssLna",-50,"Yes E","yes","original"
"R_125YC954CGborqS",-50,"Yes E","yes","original"
"R_1FKepxOiPxYVQHz",46,"Yes E","yes","original"
"R_1igi8iqWfkvrcc1",-50,"Yes E","yes","original"
"R_1jwjzf7E6IsgZqq",-24,"Yes E","yes","original"
"R_1jwUh0dtFWDuT4x",0,"Yes E","yes","original"
"R_1mL9sBksGn4Chrc",-50,"Yes E","yes","original"
"R_1ooRxXWrJBeti3l",-50,"Yes E","yes","original"
"R_1pmV7CCbwnNL4bs",11,"Yes E","yes","original"
"R_1qg5zxG4OHT34gX",0,"Yes E","yes","original"
"R_1rwYAjoube9ImlK",-10,"Yes E","yes","original"
"R_22DGikbZewcoEkH",-50,"Yes E","yes","original"
"R_22R1B5mN0RA0RMU",-50,"Yes E","yes","original"
"R_2aQ6gax5O03RSIv",-18,"Yes E","yes","original"
"R_2dlINIzP1v3FX0g",5,"Yes E","yes","original"
"R_2ebd9LcKLlwFO5v",-13,"Yes E","yes","original"
"R_2h5GlipyzZ47VLj",-50,"Yes E","yes","original"
"R_2QrLW0BHAjWVg7Q",12,"Yes E","yes","original"
"R_2rAt1AD0sqk7yPG",-30,"Yes E","yes","original"
"R_2rkgUKYk3bYGIoF",-40,"Yes E","yes","original"
"R_2uCFCg6xVDEY02q",-24,"Yes E","yes","original"
"R_2XizCOMyNrGa7Az",-10,"Yes E","yes","original"
"R_31zuDrqUATmHgFI",-10,"Yes E","yes","original"
"R_32KqOo2AEj0tVdX",-50,"Yes E","yes","original"
"R_3D77jkyASlRGTqD",-29,"Yes E","yes","original"
"R_3dDE8OS7jARHVcT",-39,"Yes E","yes","original"
"R_3G3S0l7VxciaIWg",-50,"Yes E","yes","original"
"R_3iI892aKIzlTCm3",-11,"Yes E","yes","original"
"R_3KW9H9FC1ifo1YV",46,"Yes E","yes","original"
"R_3MRne9JybULuGPX",-50,"Yes E","yes","original"
"R_a90wt16hQIHhsRj",-50,"Yes E","yes","original"
"R_Aaiu7NwZQoFdazT",-20,"Yes E","yes","original"
"R_AhSldTz7xNWz7SF",-8,"Yes E","yes","original"
"R_ANeTIXcBIwyfggV",10,"Yes E","yes","original"
"R_BDEiiuol7PCm5od",-38,"Yes E","yes","original"
"R_PwfHbOWesn6tR0l",-50,"Yes E","yes","original"
"R_sChbmfdhKx3fYFb",20,"Yes E","yes","original"
"R_SIBMbeTFd37lOY9",-44,"Yes E","yes","original"
"R_XLNB6At9fKflzG1",-50,"Yes E","yes","original"
"R_z6C8dk0TuG2cq2t",-50,"Yes E","yes","original"
"R_0TbvEJOOdRE8Po5",5,"Yes F","yes","original"
"R_10NQO6ofuvssLna",42,"Yes F","yes","original"
"R_125YC954CGborqS",10,"Yes F","yes","original"
"R_1FKepxOiPxYVQHz",50,"Yes F","yes","original"
"R_1igi8iqWfkvrcc1",37,"Yes F","yes","original"
"R_1jwjzf7E6IsgZqq",31,"Yes F","yes","original"
"R_1jwUh0dtFWDuT4x",0,"Yes F","yes","original"
"R_1mL9sBksGn4Chrc",3,"Yes F","yes","original"
"R_1ooRxXWrJBeti3l",12,"Yes F","yes","original"
"R_1pmV7CCbwnNL4bs",12,"Yes F","yes","original"
"R_1qg5zxG4OHT34gX",8,"Yes F","yes","original"
"R_1rwYAjoube9ImlK",16,"Yes F","yes","original"
"R_22DGikbZewcoEkH",34,"Yes F","yes","original"
"R_22R1B5mN0RA0RMU",50,"Yes F","yes","original"
"R_2aQ6gax5O03RSIv",0,"Yes F","yes","original"
"R_2dlINIzP1v3FX0g",4,"Yes F","yes","original"
"R_2ebd9LcKLlwFO5v",-9,"Yes F","yes","original"
"R_2h5GlipyzZ47VLj",9,"Yes F","yes","original"
"R_2QrLW0BHAjWVg7Q",15,"Yes F","yes","original"
"R_2rAt1AD0sqk7yPG",-34,"Yes F","yes","original"
"R_2rkgUKYk3bYGIoF",10,"Yes F","yes","original"
"R_2uCFCg6xVDEY02q",30,"Yes F","yes","original"
"R_2XizCOMyNrGa7Az",21,"Yes F","yes","original"
"R_31zuDrqUATmHgFI",12,"Yes F","yes","original"
"R_32KqOo2AEj0tVdX",39,"Yes F","yes","original"
"R_3D77jkyASlRGTqD",8,"Yes F","yes","original"
"R_3dDE8OS7jARHVcT",-22,"Yes F","yes","original"
"R_3G3S0l7VxciaIWg",3,"Yes F","yes","original"
"R_3iI892aKIzlTCm3",12,"Yes F","yes","original"
"R_3KW9H9FC1ifo1YV",14,"Yes F","yes","original"
"R_3MRne9JybULuGPX",20,"Yes F","yes","original"
"R_a90wt16hQIHhsRj",10,"Yes F","yes","original"
"R_Aaiu7NwZQoFdazT",20,"Yes F","yes","original"
"R_AhSldTz7xNWz7SF",5,"Yes F","yes","original"
"R_ANeTIXcBIwyfggV",5,"Yes F","yes","original"
"R_BDEiiuol7PCm5od",7,"Yes F","yes","original"
"R_PwfHbOWesn6tR0l",50,"Yes F","yes","original"
"R_sChbmfdhKx3fYFb",21,"Yes F","yes","original"
"R_SIBMbeTFd37lOY9",-17,"Yes F","yes","original"
"R_XLNB6At9fKflzG1",50,"Yes F","yes","original"
"R_z6C8dk0TuG2cq2t",5,"Yes F","yes","original"
"R_0TbvEJOOdRE8Po5",5,"Maybe 3 Bad","maybe","bad"
"R_10NQO6ofuvssLna",-40,"Maybe 3 Bad","maybe","bad"
"R_125YC954CGborqS",-20,"Maybe 3 Bad","maybe","bad"
"R_1FKepxOiPxYVQHz",50,"Maybe 3 Bad","maybe","bad"
"R_1igi8iqWfkvrcc1",-27,"Maybe 3 Bad","maybe","bad"
"R_1jwjzf7E6IsgZqq",-20,"Maybe 3 Bad","maybe","bad"
"R_1jwUh0dtFWDuT4x",36,"Maybe 3 Bad","maybe","bad"
"R_1mL9sBksGn4Chrc",-10,"Maybe 3 Bad","maybe","bad"
"R_1ooRxXWrJBeti3l",12,"Maybe 3 Bad","maybe","bad"
"R_1pmV7CCbwnNL4bs",17,"Maybe 3 Bad","maybe","bad"
"R_1qg5zxG4OHT34gX",3,"Maybe 3 Bad","maybe","bad"
"R_1rwYAjoube9ImlK",32,"Maybe 3 Bad","maybe","bad"
"R_22DGikbZewcoEkH",-34,"Maybe 3 Bad","maybe","bad"
"R_22R1B5mN0RA0RMU",-25,"Maybe 3 Bad","maybe","bad"
"R_2aQ6gax5O03RSIv",-7,"Maybe 3 Bad","maybe","bad"
"R_2dlINIzP1v3FX0g",5,"Maybe 3 Bad","maybe","bad"
"R_2ebd9LcKLlwFO5v",8,"Maybe 3 Bad","maybe","bad"
"R_2h5GlipyzZ47VLj",46,"Maybe 3 Bad","maybe","bad"
"R_2QrLW0BHAjWVg7Q",-10,"Maybe 3 Bad","maybe","bad"
"R_2rAt1AD0sqk7yPG",17,"Maybe 3 Bad","maybe","bad"
"R_2rkgUKYk3bYGIoF",-5,"Maybe 3 Bad","maybe","bad"
"R_2uCFCg6xVDEY02q",5,"Maybe 3 Bad","maybe","bad"
"R_2XizCOMyNrGa7Az",20,"Maybe 3 Bad","maybe","bad"
"R_31zuDrqUATmHgFI",0,"Maybe 3 Bad","maybe","bad"
"R_32KqOo2AEj0tVdX",0,"Maybe 3 Bad","maybe","bad"
"R_3D77jkyASlRGTqD",8,"Maybe 3 Bad","maybe","bad"
"R_3dDE8OS7jARHVcT",14,"Maybe 3 Bad","maybe","bad"
"R_3G3S0l7VxciaIWg",5,"Maybe 3 Bad","maybe","bad"
"R_3iI892aKIzlTCm3",-4,"Maybe 3 Bad","maybe","bad"
"R_3KW9H9FC1ifo1YV",10,"Maybe 3 Bad","maybe","bad"
"R_3MRne9JybULuGPX",-5,"Maybe 3 Bad","maybe","bad"
"R_a90wt16hQIHhsRj",31,"Maybe 3 Bad","maybe","bad"
"R_Aaiu7NwZQoFdazT",-10,"Maybe 3 Bad","maybe","bad"
"R_AhSldTz7xNWz7SF",0,"Maybe 3 Bad","maybe","bad"
"R_ANeTIXcBIwyfggV",41,"Maybe 3 Bad","maybe","bad"
"R_BDEiiuol7PCm5od",-22,"Maybe 3 Bad","maybe","bad"
"R_PwfHbOWesn6tR0l",-30,"Maybe 3 Bad","maybe","bad"
"R_sChbmfdhKx3fYFb",5,"Maybe 3 Bad","maybe","bad"
"R_SIBMbeTFd37lOY9",-19,"Maybe 3 Bad","maybe","bad"
"R_XLNB6At9fKflzG1",-25,"Maybe 3 Bad","maybe","bad"
"R_z6C8dk0TuG2cq2t",10,"Maybe 3 Bad","maybe","bad"
"R_0TbvEJOOdRE8Po5",6,"Maybe 3 Badder","maybe","badder"
"R_10NQO6ofuvssLna",-50,"Maybe 3 Badder","maybe","badder"
"R_125YC954CGborqS",-50,"Maybe 3 Badder","maybe","badder"
"R_1FKepxOiPxYVQHz",-5,"Maybe 3 Badder","maybe","badder"
"R_1igi8iqWfkvrcc1",-50,"Maybe 3 Badder","maybe","badder"
"R_1jwjzf7E6IsgZqq",-15,"Maybe 3 Badder","maybe","badder"
"R_1jwUh0dtFWDuT4x",3,"Maybe 3 Badder","maybe","badder"
"R_1mL9sBksGn4Chrc",-15,"Maybe 3 Badder","maybe","badder"
"R_1ooRxXWrJBeti3l",-50,"Maybe 3 Badder","maybe","badder"
"R_1pmV7CCbwnNL4bs",13,"Maybe 3 Badder","maybe","badder"
"R_1qg5zxG4OHT34gX",6,"Maybe 3 Badder","maybe","badder"
"R_1rwYAjoube9ImlK",21,"Maybe 3 Badder","maybe","badder"
"R_22DGikbZewcoEkH",-36,"Maybe 3 Badder","maybe","badder"
"R_22R1B5mN0RA0RMU",-15,"Maybe 3 Badder","maybe","badder"
"R_2aQ6gax5O03RSIv",-20,"Maybe 3 Badder","maybe","badder"
"R_2dlINIzP1v3FX0g",21,"Maybe 3 Badder","maybe","badder"
"R_2ebd9LcKLlwFO5v",-10,"Maybe 3 Badder","maybe","badder"
"R_2h5GlipyzZ47VLj",-20,"Maybe 3 Badder","maybe","badder"
"R_2QrLW0BHAjWVg7Q",-19,"Maybe 3 Badder","maybe","badder"
"R_2rAt1AD0sqk7yPG",0,"Maybe 3 Badder","maybe","badder"
"R_2rkgUKYk3bYGIoF",-15,"Maybe 3 Badder","maybe","badder"
"R_2uCFCg6xVDEY02q",-19,"Maybe 3 Badder","maybe","badder"
"R_2XizCOMyNrGa7Az",15,"Maybe 3 Badder","maybe","badder"
"R_31zuDrqUATmHgFI",-12,"Maybe 3 Badder","maybe","badder"
"R_32KqOo2AEj0tVdX",-33,"Maybe 3 Badder","maybe","badder"
"R_3D77jkyASlRGTqD",-14,"Maybe 3 Badder","maybe","badder"
"R_3dDE8OS7jARHVcT",-11,"Maybe 3 Badder","maybe","badder"
"R_3G3S0l7VxciaIWg",-29,"Maybe 3 Badder","maybe","badder"
"R_3iI892aKIzlTCm3",14,"Maybe 3 Badder","maybe","badder"
"R_3KW9H9FC1ifo1YV",13,"Maybe 3 Badder","maybe","badder"
"R_3MRne9JybULuGPX",-35,"Maybe 3 Badder","maybe","badder"
"R_a90wt16hQIHhsRj",-21,"Maybe 3 Badder","maybe","badder"
"R_Aaiu7NwZQoFdazT",-10,"Maybe 3 Badder","maybe","badder"
"R_AhSldTz7xNWz7SF",-4,"Maybe 3 Badder","maybe","badder"
"R_ANeTIXcBIwyfggV",27,"Maybe 3 Badder","maybe","badder"
"R_BDEiiuol7PCm5od",12,"Maybe 3 Badder","maybe","badder"
"R_PwfHbOWesn6tR0l",-30,"Maybe 3 Badder","maybe","badder"
"R_sChbmfdhKx3fYFb",16,"Maybe 3 Badder","maybe","badder"
"R_SIBMbeTFd37lOY9",-50,"Maybe 3 Badder","maybe","badder"
"R_XLNB6At9fKflzG1",-31,"Maybe 3 Badder","maybe","badder"
"R_z6C8dk0TuG2cq2t",-20,"Maybe 3 Badder","maybe","badder"
"R_0TbvEJOOdRE8Po5",9,"Maybe 4 Bad","maybe","bad"
"R_10NQO6ofuvssLna",-48,"Maybe 4 Bad","maybe","bad"
"R_125YC954CGborqS",-31,"Maybe 4 Bad","maybe","bad"
"R_1FKepxOiPxYVQHz",-50,"Maybe 4 Bad","maybe","bad"
"R_1igi8iqWfkvrcc1",-43,"Maybe 4 Bad","maybe","bad"
"R_1jwjzf7E6IsgZqq",-24,"Maybe 4 Bad","maybe","bad"
"R_1jwUh0dtFWDuT4x",12,"Maybe 4 Bad","maybe","bad"
"R_1mL9sBksGn4Chrc",13,"Maybe 4 Bad","maybe","bad"
"R_1ooRxXWrJBeti3l",-50,"Maybe 4 Bad","maybe","bad"
"R_1pmV7CCbwnNL4bs",19,"Maybe 4 Bad","maybe","bad"
"R_1qg5zxG4OHT34gX",5,"Maybe 4 Bad","maybe","bad"
"R_1rwYAjoube9ImlK",27,"Maybe 4 Bad","maybe","bad"
"R_22DGikbZewcoEkH",-50,"Maybe 4 Bad","maybe","bad"
"R_22R1B5mN0RA0RMU",-40,"Maybe 4 Bad","maybe","bad"
"R_2aQ6gax5O03RSIv",-15,"Maybe 4 Bad","maybe","bad"
"R_2dlINIzP1v3FX0g",-13,"Maybe 4 Bad","maybe","bad"
"R_2ebd9LcKLlwFO5v",8,"Maybe 4 Bad","maybe","bad"
"R_2h5GlipyzZ47VLj",31,"Maybe 4 Bad","maybe","bad"
"R_2QrLW0BHAjWVg7Q",-9,"Maybe 4 Bad","maybe","bad"
"R_2rAt1AD0sqk7yPG",-33,"Maybe 4 Bad","maybe","bad"
"R_2rkgUKYk3bYGIoF",-5,"Maybe 4 Bad","maybe","bad"
"R_2uCFCg6xVDEY02q",6,"Maybe 4 Bad","maybe","bad"
"R_2XizCOMyNrGa7Az",-18,"Maybe 4 Bad","maybe","bad"
"R_31zuDrqUATmHgFI",12,"Maybe 4 Bad","maybe","bad"
"R_32KqOo2AEj0tVdX",28,"Maybe 4 Bad","maybe","bad"
"R_3D77jkyASlRGTqD",-23,"Maybe 4 Bad","maybe","bad"
"R_3dDE8OS7jARHVcT",-4,"Maybe 4 Bad","maybe","bad"
"R_3G3S0l7VxciaIWg",6,"Maybe 4 Bad","maybe","bad"
"R_3iI892aKIzlTCm3",25,"Maybe 4 Bad","maybe","bad"
"R_3KW9H9FC1ifo1YV",-11,"Maybe 4 Bad","maybe","bad"
"R_3MRne9JybULuGPX",-25,"Maybe 4 Bad","maybe","bad"
"R_a90wt16hQIHhsRj",30,"Maybe 4 Bad","maybe","bad"
"R_Aaiu7NwZQoFdazT",-5,"Maybe 4 Bad","maybe","bad"
"R_AhSldTz7xNWz7SF",0,"Maybe 4 Bad","maybe","bad"
"R_ANeTIXcBIwyfggV",-6,"Maybe 4 Bad","maybe","bad"
"R_BDEiiuol7PCm5od",-29,"Maybe 4 Bad","maybe","bad"
"R_PwfHbOWesn6tR0l",-50,"Maybe 4 Bad","maybe","bad"
"R_sChbmfdhKx3fYFb",-14,"Maybe 4 Bad","maybe","bad"
"R_SIBMbeTFd37lOY9",-21,"Maybe 4 Bad","maybe","bad"
"R_XLNB6At9fKflzG1",-50,"Maybe 4 Bad","maybe","bad"
"R_z6C8dk0TuG2cq2t",-25,"Maybe 4 Bad","maybe","bad"
"R_0TbvEJOOdRE8Po5",0,"Maybe 5 Bad","maybe","bad"
"R_10NQO6ofuvssLna",-47,"Maybe 5 Bad","maybe","bad"
"R_125YC954CGborqS",-41,"Maybe 5 Bad","maybe","bad"
"R_1FKepxOiPxYVQHz",-50,"Maybe 5 Bad","maybe","bad"
"R_1igi8iqWfkvrcc1",-31,"Maybe 5 Bad","maybe","bad"
"R_1jwjzf7E6IsgZqq",-15,"Maybe 5 Bad","maybe","bad"
"R_1jwUh0dtFWDuT4x",9,"Maybe 5 Bad","maybe","bad"
"R_1mL9sBksGn4Chrc",-10,"Maybe 5 Bad","maybe","bad"
"R_1ooRxXWrJBeti3l",-32,"Maybe 5 Bad","maybe","bad"
"R_1pmV7CCbwnNL4bs",-8,"Maybe 5 Bad","maybe","bad"
"R_1qg5zxG4OHT34gX",0,"Maybe 5 Bad","maybe","bad"
"R_1rwYAjoube9ImlK",32,"Maybe 5 Bad","maybe","bad"
"R_22DGikbZewcoEkH",-40,"Maybe 5 Bad","maybe","bad"
"R_22R1B5mN0RA0RMU",-50,"Maybe 5 Bad","maybe","bad"
"R_2aQ6gax5O03RSIv",-39,"Maybe 5 Bad","maybe","bad"
"R_2dlINIzP1v3FX0g",-39,"Maybe 5 Bad","maybe","bad"
"R_2ebd9LcKLlwFO5v",-18,"Maybe 5 Bad","maybe","bad"
"R_2h5GlipyzZ47VLj",-30,"Maybe 5 Bad","maybe","bad"
"R_2QrLW0BHAjWVg7Q",-30,"Maybe 5 Bad","maybe","bad"
"R_2rAt1AD0sqk7yPG",30,"Maybe 5 Bad","maybe","bad"
"R_2rkgUKYk3bYGIoF",-15,"Maybe 5 Bad","maybe","bad"
"R_2uCFCg6xVDEY02q",-10,"Maybe 5 Bad","maybe","bad"
"R_2XizCOMyNrGa7Az",-20,"Maybe 5 Bad","maybe","bad"
"R_31zuDrqUATmHgFI",-20,"Maybe 5 Bad","maybe","bad"
"R_32KqOo2AEj0tVdX",-50,"Maybe 5 Bad","maybe","bad"
"R_3D77jkyASlRGTqD",-20,"Maybe 5 Bad","maybe","bad"
"R_3dDE8OS7jARHVcT",-21,"Maybe 5 Bad","maybe","bad"
"R_3G3S0l7VxciaIWg",-33,"Maybe 5 Bad","maybe","bad"
"R_3iI892aKIzlTCm3",-7,"Maybe 5 Bad","maybe","bad"
"R_3KW9H9FC1ifo1YV",-15,"Maybe 5 Bad","maybe","bad"
"R_3MRne9JybULuGPX",-15,"Maybe 5 Bad","maybe","bad"
"R_a90wt16hQIHhsRj",-41,"Maybe 5 Bad","maybe","bad"
"R_Aaiu7NwZQoFdazT",-25,"Maybe 5 Bad","maybe","bad"
"R_AhSldTz7xNWz7SF",-5,"Maybe 5 Bad","maybe","bad"
"R_ANeTIXcBIwyfggV",12,"Maybe 5 Bad","maybe","bad"
"R_BDEiiuol7PCm5od",-40,"Maybe 5 Bad","maybe","bad"
"R_PwfHbOWesn6tR0l",-50,"Maybe 5 Bad","maybe","bad"
"R_sChbmfdhKx3fYFb",-30,"Maybe 5 Bad","maybe","bad"
"R_SIBMbeTFd37lOY9",-50,"Maybe 5 Bad","maybe","bad"
"R_XLNB6At9fKflzG1",-31,"Maybe 5 Bad","maybe","bad"
"R_z6C8dk0TuG2cq2t",-50,"Maybe 5 Bad","maybe","bad"
"R_0TbvEJOOdRE8Po5",-1,"Yes 10 Bad","yes","bad"
"R_10NQO6ofuvssLna",-50,"Yes 10 Bad","yes","bad"
"R_125YC954CGborqS",-30,"Yes 10 Bad","yes","bad"
"R_1FKepxOiPxYVQHz",-50,"Yes 10 Bad","yes","bad"
"R_1igi8iqWfkvrcc1",-21,"Yes 10 Bad","yes","bad"
"R_1jwjzf7E6IsgZqq",-12,"Yes 10 Bad","yes","bad"
"R_1jwUh0dtFWDuT4x",4,"Yes 10 Bad","yes","bad"
"R_1mL9sBksGn4Chrc",-19,"Yes 10 Bad","yes","bad"
"R_1ooRxXWrJBeti3l",-31,"Yes 10 Bad","yes","bad"
"R_1pmV7CCbwnNL4bs",0,"Yes 10 Bad","yes","bad"
"R_1qg5zxG4OHT34gX",0,"Yes 10 Bad","yes","bad"
"R_1rwYAjoube9ImlK",15,"Yes 10 Bad","yes","bad"
"R_22DGikbZewcoEkH",-45,"Yes 10 Bad","yes","bad"
"R_22R1B5mN0RA0RMU",-50,"Yes 10 Bad","yes","bad"
"R_2aQ6gax5O03RSIv",-34,"Yes 10 Bad","yes","bad"
"R_2dlINIzP1v3FX0g",-29,"Yes 10 Bad","yes","bad"
"R_2ebd9LcKLlwFO5v",-47,"Yes 10 Bad","yes","bad"
"R_2h5GlipyzZ47VLj",-35,"Yes 10 Bad","yes","bad"
"R_2QrLW0BHAjWVg7Q",-19,"Yes 10 Bad","yes","bad"
"R_2rAt1AD0sqk7yPG",8,"Yes 10 Bad","yes","bad"
"R_2rkgUKYk3bYGIoF",-20,"Yes 10 Bad","yes","bad"
"R_2uCFCg6xVDEY02q",-16,"Yes 10 Bad","yes","bad"
"R_2XizCOMyNrGa7Az",-25,"Yes 10 Bad","yes","bad"
"R_31zuDrqUATmHgFI",-25,"Yes 10 Bad","yes","bad"
"R_32KqOo2AEj0tVdX",-33,"Yes 10 Bad","yes","bad"
"R_3D77jkyASlRGTqD",-23,"Yes 10 Bad","yes","bad"
"R_3dDE8OS7jARHVcT",-3,"Yes 10 Bad","yes","bad"
"R_3G3S0l7VxciaIWg",-39,"Yes 10 Bad","yes","bad"
"R_3iI892aKIzlTCm3",25,"Yes 10 Bad","yes","bad"
"R_3KW9H9FC1ifo1YV",-7,"Yes 10 Bad","yes","bad"
"R_3MRne9JybULuGPX",-50,"Yes 10 Bad","yes","bad"
"R_a90wt16hQIHhsRj",-41,"Yes 10 Bad","yes","bad"
"R_Aaiu7NwZQoFdazT",-10,"Yes 10 Bad","yes","bad"
"R_AhSldTz7xNWz7SF",-7,"Yes 10 Bad","yes","bad"
"R_ANeTIXcBIwyfggV",42,"Yes 10 Bad","yes","bad"
"R_BDEiiuol7PCm5od",-36,"Yes 10 Bad","yes","bad"
"R_PwfHbOWesn6tR0l",-50,"Yes 10 Bad","yes","bad"
"R_sChbmfdhKx3fYFb",-41,"Yes 10 Bad","yes","bad"
"R_SIBMbeTFd37lOY9",-25,"Yes 10 Bad","yes","bad"
"R_XLNB6At9fKflzG1",-24,"Yes 10 Bad","yes","bad"
"R_z6C8dk0TuG2cq2t",-50,"Yes 10 Bad","yes","bad"
"R_0TbvEJOOdRE8Po5",2,"Yes B Bad","yes","bad"
"R_10NQO6ofuvssLna",-27,"Yes B Bad","yes","bad"
"R_125YC954CGborqS",-21,"Yes B Bad","yes","bad"
"R_1FKepxOiPxYVQHz",-10,"Yes B Bad","yes","bad"
"R_1igi8iqWfkvrcc1",-13,"Yes B Bad","yes","bad"
"R_1jwjzf7E6IsgZqq",-16,"Yes B Bad","yes","bad"
"R_1jwUh0dtFWDuT4x",50,"Yes B Bad","yes","bad"
"R_1mL9sBksGn4Chrc",0,"Yes B Bad","yes","bad"
"R_1ooRxXWrJBeti3l",12,"Yes B Bad","yes","bad"
"R_1pmV7CCbwnNL4bs",0,"Yes B Bad","yes","bad"
"R_1qg5zxG4OHT34gX",-3,"Yes B Bad","yes","bad"
"R_1rwYAjoube9ImlK",32,"Yes B Bad","yes","bad"
"R_22DGikbZewcoEkH",-10,"Yes B Bad","yes","bad"
"R_22R1B5mN0RA0RMU",50,"Yes B Bad","yes","bad"
"R_2aQ6gax5O03RSIv",-12,"Yes B Bad","yes","bad"
"R_2dlINIzP1v3FX0g",4,"Yes B Bad","yes","bad"
"R_2ebd9LcKLlwFO5v",-9,"Yes B Bad","yes","bad"
"R_2h5GlipyzZ47VLj",31,"Yes B Bad","yes","bad"
"R_2QrLW0BHAjWVg7Q",-11,"Yes B Bad","yes","bad"
"R_2rAt1AD0sqk7yPG",18,"Yes B Bad","yes","bad"
"R_2rkgUKYk3bYGIoF",-5,"Yes B Bad","yes","bad"
"R_2uCFCg6xVDEY02q",4,"Yes B Bad","yes","bad"
"R_2XizCOMyNrGa7Az",-7,"Yes B Bad","yes","bad"
"R_31zuDrqUATmHgFI",0,"Yes B Bad","yes","bad"
"R_32KqOo2AEj0tVdX",-17,"Yes B Bad","yes","bad"
"R_3D77jkyASlRGTqD",-13,"Yes B Bad","yes","bad"
"R_3dDE8OS7jARHVcT",0,"Yes B Bad","yes","bad"
"R_3G3S0l7VxciaIWg",5,"Yes B Bad","yes","bad"
"R_3iI892aKIzlTCm3",-17,"Yes B Bad","yes","bad"
"R_3KW9H9FC1ifo1YV",5,"Yes B Bad","yes","bad"
"R_3MRne9JybULuGPX",-10,"Yes B Bad","yes","bad"
"R_a90wt16hQIHhsRj",24,"Yes B Bad","yes","bad"
"R_Aaiu7NwZQoFdazT",-11,"Yes B Bad","yes","bad"
"R_AhSldTz7xNWz7SF",-3,"Yes B Bad","yes","bad"
"R_ANeTIXcBIwyfggV",25,"Yes B Bad","yes","bad"
"R_BDEiiuol7PCm5od",14,"Yes B Bad","yes","bad"
"R_PwfHbOWesn6tR0l",-50,"Yes B Bad","yes","bad"
"R_sChbmfdhKx3fYFb",16,"Yes B Bad","yes","bad"
"R_SIBMbeTFd37lOY9",-41,"Yes B Bad","yes","bad"
"R_XLNB6At9fKflzG1",-11,"Yes B Bad","yes","bad"
"R_z6C8dk0TuG2cq2t",0,"Yes B Bad","yes","bad"
"R_0TbvEJOOdRE8Po5",4,"Yes B Badder","yes","badder"
"R_10NQO6ofuvssLna",-49,"Yes B Badder","yes","badder"
"R_125YC954CGborqS",-40,"Yes B Badder","yes","badder"
"R_1FKepxOiPxYVQHz",-50,"Yes B Badder","yes","badder"
"R_1igi8iqWfkvrcc1",-14,"Yes B Badder","yes","badder"
"R_1jwjzf7E6IsgZqq",20,"Yes B Badder","yes","badder"
"R_1jwUh0dtFWDuT4x",5,"Yes B Badder","yes","badder"
"R_1mL9sBksGn4Chrc",-27,"Yes B Badder","yes","badder"
"R_1ooRxXWrJBeti3l",5,"Yes B Badder","yes","badder"
"R_1pmV7CCbwnNL4bs",0,"Yes B Badder","yes","badder"
"R_1qg5zxG4OHT34gX",18,"Yes B Badder","yes","badder"
"R_1rwYAjoube9ImlK",21,"Yes B Badder","yes","badder"
"R_22DGikbZewcoEkH",-48,"Yes B Badder","yes","badder"
"R_22R1B5mN0RA0RMU",-50,"Yes B Badder","yes","badder"
"R_2aQ6gax5O03RSIv",-19,"Yes B Badder","yes","badder"
"R_2dlINIzP1v3FX0g",5,"Yes B Badder","yes","badder"
"R_2ebd9LcKLlwFO5v",-9,"Yes B Badder","yes","badder"
"R_2h5GlipyzZ47VLj",-3,"Yes B Badder","yes","badder"
"R_2QrLW0BHAjWVg7Q",5,"Yes B Badder","yes","badder"
"R_2rAt1AD0sqk7yPG",-14,"Yes B Badder","yes","badder"
"R_2rkgUKYk3bYGIoF",-15,"Yes B Badder","yes","badder"
"R_2uCFCg6xVDEY02q",-6,"Yes B Badder","yes","badder"
"R_2XizCOMyNrGa7Az",-5,"Yes B Badder","yes","badder"
"R_31zuDrqUATmHgFI",2,"Yes B Badder","yes","badder"
"R_32KqOo2AEj0tVdX",-30,"Yes B Badder","yes","badder"
"R_3D77jkyASlRGTqD",-20,"Yes B Badder","yes","badder"
"R_3dDE8OS7jARHVcT",-3,"Yes B Badder","yes","badder"
"R_3G3S0l7VxciaIWg",-20,"Yes B Badder","yes","badder"
"R_3iI892aKIzlTCm3",23,"Yes B Badder","yes","badder"
"R_3KW9H9FC1ifo1YV",27,"Yes B Badder","yes","badder"
"R_3MRne9JybULuGPX",-20,"Yes B Badder","yes","badder"
"R_a90wt16hQIHhsRj",-21,"Yes B Badder","yes","badder"
"R_Aaiu7NwZQoFdazT",-11,"Yes B Badder","yes","badder"
"R_AhSldTz7xNWz7SF",-6,"Yes B Badder","yes","badder"
"R_ANeTIXcBIwyfggV",23,"Yes B Badder","yes","badder"
"R_BDEiiuol7PCm5od",12,"Yes B Badder","yes","badder"
"R_PwfHbOWesn6tR0l",-50,"Yes B Badder","yes","badder"
"R_sChbmfdhKx3fYFb",-14,"Yes B Badder","yes","badder"
"R_SIBMbeTFd37lOY9",-48,"Yes B Badder","yes","badder"
"R_XLNB6At9fKflzG1",-50,"Yes B Badder","yes","badder"
"R_z6C8dk0TuG2cq2t",-40,"Yes B Badder","yes","badder"
"R_0TbvEJOOdRE8Po5",9,"Yes C Bad","yes","bad"
"R_10NQO6ofuvssLna",-2,"Yes C Bad","yes","bad"
"R_125YC954CGborqS",10,"Yes C Bad","yes","bad"
"R_1FKepxOiPxYVQHz",-9,"Yes C Bad","yes","bad"
"R_1igi8iqWfkvrcc1",11,"Yes C Bad","yes","bad"
"R_1jwjzf7E6IsgZqq",-18,"Yes C Bad","yes","bad"
"R_1jwUh0dtFWDuT4x",-13,"Yes C Bad","yes","bad"
"R_1mL9sBksGn4Chrc",2,"Yes C Bad","yes","bad"
"R_1ooRxXWrJBeti3l",12,"Yes C Bad","yes","bad"
"R_1pmV7CCbwnNL4bs",10,"Yes C Bad","yes","bad"
"R_1qg5zxG4OHT34gX",7,"Yes C Bad","yes","bad"
"R_1rwYAjoube9ImlK",23,"Yes C Bad","yes","bad"
"R_22DGikbZewcoEkH",-30,"Yes C Bad","yes","bad"
"R_22R1B5mN0RA0RMU",50,"Yes C Bad","yes","bad"
"R_2aQ6gax5O03RSIv",0,"Yes C Bad","yes","bad"
"R_2dlINIzP1v3FX0g",7,"Yes C Bad","yes","bad"
"R_2ebd9LcKLlwFO5v",-15,"Yes C Bad","yes","bad"
"R_2h5GlipyzZ47VLj",31,"Yes C Bad","yes","bad"
"R_2QrLW0BHAjWVg7Q",0,"Yes C Bad","yes","bad"
"R_2rAt1AD0sqk7yPG",-18,"Yes C Bad","yes","bad"
"R_2rkgUKYk3bYGIoF",-5,"Yes C Bad","yes","bad"
"R_2uCFCg6xVDEY02q",16,"Yes C Bad","yes","bad"
"R_2XizCOMyNrGa7Az",7,"Yes C Bad","yes","bad"
"R_31zuDrqUATmHgFI",12,"Yes C Bad","yes","bad"
"R_32KqOo2AEj0tVdX",-10,"Yes C Bad","yes","bad"
"R_3D77jkyASlRGTqD",-5,"Yes C Bad","yes","bad"
"R_3dDE8OS7jARHVcT",2,"Yes C Bad","yes","bad"
"R_3G3S0l7VxciaIWg",5,"Yes C Bad","yes","bad"
"R_3iI892aKIzlTCm3",-5,"Yes C Bad","yes","bad"
"R_3KW9H9FC1ifo1YV",5,"Yes C Bad","yes","bad"
"R_3MRne9JybULuGPX",0,"Yes C Bad","yes","bad"
"R_a90wt16hQIHhsRj",27,"Yes C Bad","yes","bad"
"R_Aaiu7NwZQoFdazT",5,"Yes C Bad","yes","bad"
"R_AhSldTz7xNWz7SF",-1,"Yes C Bad","yes","bad"
"R_ANeTIXcBIwyfggV",31,"Yes C Bad","yes","bad"
"R_BDEiiuol7PCm5od",13,"Yes C Bad","yes","bad"
"R_PwfHbOWesn6tR0l",-20,"Yes C Bad","yes","bad"
"R_sChbmfdhKx3fYFb",15,"Yes C Bad","yes","bad"
"R_SIBMbeTFd37lOY9",0,"Yes C Bad","yes","bad"
"R_XLNB6At9fKflzG1",4,"Yes C Bad","yes","bad"
"R_z6C8dk0TuG2cq2t",0,"Yes C Bad","yes","bad"
"R_0TbvEJOOdRE8Po5",3,"Yes C Badder","yes","badder"
"R_10NQO6ofuvssLna",-27,"Yes C Badder","yes","badder"
"R_125YC954CGborqS",-30,"Yes C Badder","yes","badder"
"R_1FKepxOiPxYVQHz",-49,"Yes C Badder","yes","badder"
"R_1igi8iqWfkvrcc1",-40,"Yes C Badder","yes","badder"
"R_1jwjzf7E6IsgZqq",17,"Yes C Badder","yes","badder"
"R_1jwUh0dtFWDuT4x",-23,"Yes C Badder","yes","badder"
"R_1mL9sBksGn4Chrc",-20,"Yes C Badder","yes","badder"
"R_1ooRxXWrJBeti3l",-7,"Yes C Badder","yes","badder"
"R_1pmV7CCbwnNL4bs",-12,"Yes C Badder","yes","badder"
"R_1qg5zxG4OHT34gX",7,"Yes C Badder","yes","badder"
"R_1rwYAjoube9ImlK",43,"Yes C Badder","yes","badder"
"R_22DGikbZewcoEkH",-42,"Yes C Badder","yes","badder"
"R_22R1B5mN0RA0RMU",-21,"Yes C Badder","yes","badder"
"R_2aQ6gax5O03RSIv",0,"Yes C Badder","yes","badder"
"R_2dlINIzP1v3FX0g",-13,"Yes C Badder","yes","badder"
"R_2ebd9LcKLlwFO5v",12,"Yes C Badder","yes","badder"
"R_2h5GlipyzZ47VLj",-19,"Yes C Badder","yes","badder"
"R_2QrLW0BHAjWVg7Q",-6,"Yes C Badder","yes","badder"
"R_2rAt1AD0sqk7yPG",22,"Yes C Badder","yes","badder"
"R_2rkgUKYk3bYGIoF",-10,"Yes C Badder","yes","badder"
"R_2uCFCg6xVDEY02q",-5,"Yes C Badder","yes","badder"
"R_2XizCOMyNrGa7Az",-10,"Yes C Badder","yes","badder"
"R_31zuDrqUATmHgFI",0,"Yes C Badder","yes","badder"
"R_32KqOo2AEj0tVdX",0,"Yes C Badder","yes","badder"
"R_3D77jkyASlRGTqD",-19,"Yes C Badder","yes","badder"
"R_3dDE8OS7jARHVcT",-14,"Yes C Badder","yes","badder"
"R_3G3S0l7VxciaIWg",-17,"Yes C Badder","yes","badder"
"R_3iI892aKIzlTCm3",20,"Yes C Badder","yes","badder"
"R_3KW9H9FC1ifo1YV",-1,"Yes C Badder","yes","badder"
"R_3MRne9JybULuGPX",-35,"Yes C Badder","yes","badder"
"R_a90wt16hQIHhsRj",-10,"Yes C Badder","yes","badder"
"R_Aaiu7NwZQoFdazT",-10,"Yes C Badder","yes","badder"
"R_AhSldTz7xNWz7SF",-3,"Yes C Badder","yes","badder"
"R_ANeTIXcBIwyfggV",17,"Yes C Badder","yes","badder"
"R_BDEiiuol7PCm5od",-14,"Yes C Badder","yes","badder"
"R_PwfHbOWesn6tR0l",-50,"Yes C Badder","yes","badder"
"R_sChbmfdhKx3fYFb",-25,"Yes C Badder","yes","badder"
"R_SIBMbeTFd37lOY9",15,"Yes C Badder","yes","badder"
"R_XLNB6At9fKflzG1",-50,"Yes C Badder","yes","badder"
"R_z6C8dk0TuG2cq2t",-40,"Yes C Badder","yes","badder"
"R_0TbvEJOOdRE8Po5",6,"Yes D Bad","yes","bad"
"R_10NQO6ofuvssLna",-14,"Yes D Bad","yes","bad"
"R_125YC954CGborqS",-12,"Yes D Bad","yes","bad"
"R_1FKepxOiPxYVQHz",-29,"Yes D Bad","yes","bad"
"R_1igi8iqWfkvrcc1",-31,"Yes D Bad","yes","bad"
"R_1jwjzf7E6IsgZqq",-20,"Yes D Bad","yes","bad"
"R_1jwUh0dtFWDuT4x",-28,"Yes D Bad","yes","bad"
"R_1mL9sBksGn4Chrc",0,"Yes D Bad","yes","bad"
"R_1ooRxXWrJBeti3l",-8,"Yes D Bad","yes","bad"
"R_1pmV7CCbwnNL4bs",10,"Yes D Bad","yes","bad"
"R_1qg5zxG4OHT34gX",22,"Yes D Bad","yes","bad"
"R_1rwYAjoube9ImlK",42,"Yes D Bad","yes","bad"
"R_22DGikbZewcoEkH",-34,"Yes D Bad","yes","bad"
"R_22R1B5mN0RA0RMU",-20,"Yes D Bad","yes","bad"
"R_2aQ6gax5O03RSIv",0,"Yes D Bad","yes","bad"
"R_2dlINIzP1v3FX0g",6,"Yes D Bad","yes","bad"
"R_2ebd9LcKLlwFO5v",14,"Yes D Bad","yes","bad"
"R_2h5GlipyzZ47VLj",7,"Yes D Bad","yes","bad"
"R_2QrLW0BHAjWVg7Q",-7,"Yes D Bad","yes","bad"
"R_2rAt1AD0sqk7yPG",-15,"Yes D Bad","yes","bad"
"R_2rkgUKYk3bYGIoF",-5,"Yes D Bad","yes","bad"
"R_2uCFCg6xVDEY02q",2,"Yes D Bad","yes","bad"
"R_2XizCOMyNrGa7Az",5,"Yes D Bad","yes","bad"
"R_31zuDrqUATmHgFI",9,"Yes D Bad","yes","bad"
"R_32KqOo2AEj0tVdX",0,"Yes D Bad","yes","bad"
"R_3D77jkyASlRGTqD",5,"Yes D Bad","yes","bad"
"R_3dDE8OS7jARHVcT",-1,"Yes D Bad","yes","bad"
"R_3G3S0l7VxciaIWg",-3,"Yes D Bad","yes","bad"
"R_3iI892aKIzlTCm3",-10,"Yes D Bad","yes","bad"
"R_3KW9H9FC1ifo1YV",4,"Yes D Bad","yes","bad"
"R_3MRne9JybULuGPX",0,"Yes D Bad","yes","bad"
"R_a90wt16hQIHhsRj",21,"Yes D Bad","yes","bad"
"R_Aaiu7NwZQoFdazT",5,"Yes D Bad","yes","bad"
"R_AhSldTz7xNWz7SF",-2,"Yes D Bad","yes","bad"
"R_ANeTIXcBIwyfggV",20,"Yes D Bad","yes","bad"
"R_BDEiiuol7PCm5od",-24,"Yes D Bad","yes","bad"
"R_PwfHbOWesn6tR0l",-50,"Yes D Bad","yes","bad"
"R_sChbmfdhKx3fYFb",20,"Yes D Bad","yes","bad"
"R_SIBMbeTFd37lOY9",-9,"Yes D Bad","yes","bad"
"R_XLNB6At9fKflzG1",-35,"Yes D Bad","yes","bad"
"R_z6C8dk0TuG2cq2t",15,"Yes D Bad","yes","bad"
"R_0TbvEJOOdRE8Po5",4,"Yes D Badder","yes","badder"
"R_10NQO6ofuvssLna",-19,"Yes D Badder","yes","badder"
"R_125YC954CGborqS",-19,"Yes D Badder","yes","badder"
"R_1FKepxOiPxYVQHz",-31,"Yes D Badder","yes","badder"
"R_1igi8iqWfkvrcc1",14,"Yes D Badder","yes","badder"
"R_1jwjzf7E6IsgZqq",29,"Yes D Badder","yes","badder"
"R_1jwUh0dtFWDuT4x",49,"Yes D Badder","yes","badder"
"R_1mL9sBksGn4Chrc",-4,"Yes D Badder","yes","badder"
"R_1ooRxXWrJBeti3l",0,"Yes D Badder","yes","badder"
"R_1pmV7CCbwnNL4bs",0,"Yes D Badder","yes","badder"
"R_1qg5zxG4OHT34gX",5,"Yes D Badder","yes","badder"
"R_1rwYAjoube9ImlK",15,"Yes D Badder","yes","badder"
"R_22DGikbZewcoEkH",-50,"Yes D Badder","yes","badder"
"R_22R1B5mN0RA0RMU",-5,"Yes D Badder","yes","badder"
"R_2aQ6gax5O03RSIv",0,"Yes D Badder","yes","badder"
"R_2dlINIzP1v3FX0g",6,"Yes D Badder","yes","badder"
"R_2ebd9LcKLlwFO5v",0,"Yes D Badder","yes","badder"
"R_2h5GlipyzZ47VLj",20,"Yes D Badder","yes","badder"
"R_2QrLW0BHAjWVg7Q",-10,"Yes D Badder","yes","badder"
"R_2rAt1AD0sqk7yPG",-17,"Yes D Badder","yes","badder"
"R_2rkgUKYk3bYGIoF",-10,"Yes D Badder","yes","badder"
"R_2uCFCg6xVDEY02q",-1,"Yes D Badder","yes","badder"
"R_2XizCOMyNrGa7Az",11,"Yes D Badder","yes","badder"
"R_31zuDrqUATmHgFI",0,"Yes D Badder","yes","badder"
"R_32KqOo2AEj0tVdX",10,"Yes D Badder","yes","badder"
"R_3D77jkyASlRGTqD",-7,"Yes D Badder","yes","badder"
"R_3dDE8OS7jARHVcT",-3,"Yes D Badder","yes","badder"
"R_3G3S0l7VxciaIWg",0,"Yes D Badder","yes","badder"
"R_3iI892aKIzlTCm3",18,"Yes D Badder","yes","badder"
"R_3KW9H9FC1ifo1YV",10,"Yes D Badder","yes","badder"
"R_3MRne9JybULuGPX",0,"Yes D Badder","yes","badder"
"R_a90wt16hQIHhsRj",0,"Yes D Badder","yes","badder"
"R_Aaiu7NwZQoFdazT",7,"Yes D Badder","yes","badder"
"R_AhSldTz7xNWz7SF",-3,"Yes D Badder","yes","badder"
"R_ANeTIXcBIwyfggV",23,"Yes D Badder","yes","badder"
"R_BDEiiuol7PCm5od",-29,"Yes D Badder","yes","badder"
"R_PwfHbOWesn6tR0l",-40,"Yes D Badder","yes","badder"
"R_sChbmfdhKx3fYFb",8,"Yes D Badder","yes","badder"
"R_SIBMbeTFd37lOY9",29,"Yes D Badder","yes","badder"
"R_XLNB6At9fKflzG1",-25,"Yes D Badder","yes","badder"
"R_z6C8dk0TuG2cq2t",5,"Yes D Badder","yes","badder"
